[
{
    "model": "auth.user",
    "pk": 1,
    "fields": {
        "password": "pbkdf2_sha256$870000$uco6MKGunkEA47ANwfyrG1$hMDEuojQrwgEGUxUFyWRGEF7Ja2IAPSA24fFJmc9B90=",
        "last_login": "2025-08-31T21:49:46.683Z",
        "is_superuser": false,
        "username": "darckalejox@gmail.com",
        "first_name": "Ale",
        "last_name": "darckalejox@gmail.com",
        "email": "",
        "is_staff": true,
        "is_active": true,
        "date_joined": "2025-02-11T05:44:54.609Z",
        "groups": [],
        "user_permissions": []
    }
},
{
    "model": "auth.user",
    "pk": 2,
    "fields": {
        "password": "pbkdf2_sha256$870000$yTAiJSgYASncHNhQggMywy$F66OatTB/Bq9QWdXtvt4Wjx9eAonh8788WLKwdCpl8A=",
        "last_login": "2025-02-13T01:52:42.699Z",
        "is_superuser": false,
        "username": "a",
        "first_name": "Ale",
        "last_name": "darckalejox@gmail.com",
        "email": "",
        "is_staff": true,
        "is_active": true,
        "date_joined": "2025-02-11T05:46:28.485Z",
        "groups": [],
        "user_permissions": []
    }
},
{
    "model": "auth.user",
    "pk": 3,
    "fields": {
        "password": "pbkdf2_sha256$870000$sBbIobnJnNUjbN9KmJTFe7$Aqd+gFMFt34df4TUJsbOQBRpiZfrVZdIZkprLc1+alc=",
        "last_login": "2025-02-13T02:04:02.136Z",
        "is_superuser": false,
        "username": "TheAle",
        "first_name": "Alejo",
        "last_name": "Vincent",
        "email": "",
        "is_staff": true,
        "is_active": true,
        "date_joined": "2025-02-13T02:03:41.782Z",
        "groups": [],
        "user_permissions": []
    }
},
{
    "model": "auth.user",
    "pk": 4,
    "fields": {
        "password": "pbkdf2_sha256$870000$Z2GKECMQMDKhFn4sHQ7fhA$pd/hjxNT5o5mV60pG6vqxMFwT4ju/sQWzdsDrJ5Wl2c=",
        "last_login": "2026-02-09T03:01:11.507Z",
        "is_superuser": false,
        "username": "TheAle2",
        "first_name": "Ale",
        "last_name": "darckalejox@gmail.com",
        "email": "",
        "is_staff": true,
        "is_active": true,
        "date_joined": "2025-02-13T02:26:46.783Z",
        "groups": [],
        "user_permissions": []
    }
},
{
    "model": "auth.user",
    "pk": 5,
    "fields": {
        "password": "pbkdf2_sha256$870000$fu3jOfF6eDbqgjlqUKDs20$JlTtCRChgouLTNInvdORyul7vBCnJqdYkrsYCzCnabk=",
        "last_login": "2025-07-02T02:38:00.739Z",
        "is_superuser": false,
        "username": "TheAle3",
        "first_name": "Ale",
        "last_name": "darckalejox@gmail.com",
        "email": "darckalejox@gmail.com",
        "is_staff": true,
        "is_active": true,
        "date_joined": "2025-02-13T02:45:25.750Z",
        "groups": [],
        "user_permissions": []
    }
},
{
    "model": "auth.user",
    "pk": 6,
    "fields": {
        "password": "12341234a",
        "last_login": "2025-06-30T19:36:02.797Z",
        "is_superuser": false,
        "username": "Poncha",
        "first_name": "Mia",
        "last_name": "Vincent",
        "email": "darckalejox@gmail.com",
        "is_staff": true,
        "is_active": true,
        "date_joined": "2025-02-15T15:33:54.440Z",
        "groups": [],
        "user_permissions": []
    }
},
{
    "model": "auth.user",
    "pk": 33,
    "fields": {
        "password": "Ale262626",
        "last_login": "2025-06-30T19:36:02.797Z",
        "is_superuser": false,
        "username": "Ale33",
        "first_name": "ale",
        "last_name": "Alee33",
        "email": "",
        "is_staff": true,
        "is_active": true,
        "date_joined": "2025-06-30T19:36:02.797Z",
        "groups": [],
        "user_permissions": []
    }
},
{
    "model": "auth.user",
    "pk": 34,
    "fields": {
        "password": "pbkdf2_sha256$870000$Wu8mMR4m5pNYuZj9gy3fju$PNRre6PThmnyVlPVWvdFO2UJUUWpxEeXwV6wCQjYvI4=",
        "last_login": "2025-04-24T18:17:55.088Z",
        "is_superuser": false,
        "username": "invitado1",
        "first_name": "1111",
        "last_name": "1111",
        "email": "alejo.vincent@alu.ing.unlp.edu.ar",
        "is_staff": true,
        "is_active": true,
        "date_joined": "2025-02-24T22:54:44.871Z",
        "groups": [],
        "user_permissions": []
    }
},
{
    "model": "auth.user",
    "pk": 35,
    "fields": {
        "password": "pbkdf2_sha256$870000$3Q51kjgf12fjyENz7S8IEd$3DdgqtTY7Z9ccaMKbQH49eT0TzXPfxTbiNpPiNWQV1E=",
        "last_login": "2025-03-12T03:55:50.393Z",
        "is_superuser": false,
        "username": "oti",
        "first_name": "oti",
        "last_name": "pala",
        "email": "darckalejox@gmail.com",
        "is_staff": true,
        "is_active": true,
        "date_joined": "2025-03-12T03:55:48.593Z",
        "groups": [],
        "user_permissions": []
    }
},
{
    "model": "auth.user",
    "pk": 36,
    "fields": {
        "password": "pbkdf2_sha256$870000$gaQCC4HN9zT9lWM7Mrw38b$oHQKKGfsmMfaJolP7k0AkB09KOQPDzf7kT9aqfoKkJc=",
        "last_login": "2025-06-27T05:21:46.942Z",
        "is_superuser": false,
        "username": "AAAAAAA",
        "first_name": "AAAAAA",
        "last_name": "AAAAA",
        "email": "aaaaa@gmail.com",
        "is_staff": true,
        "is_active": true,
        "date_joined": "2025-04-24T18:16:02.724Z",
        "groups": [],
        "user_permissions": []
    }
},
{
    "model": "auth.user",
    "pk": 37,
    "fields": {
        "password": "pbkdf2_sha256$870000$dulviOzjvBlhCuEJa47Vc9$ZdWuydaLL3czGBFhRIsuqO7VjSu6FLDY6Zn3LuSudqM=",
        "last_login": "2025-06-27T05:16:15.679Z",
        "is_superuser": false,
        "username": "AAAAAAA222",
        "first_name": "Alejo2",
        "last_name": "Vincent2",
        "email": "darckalejox@gmail.com",
        "is_staff": true,
        "is_active": true,
        "date_joined": "2025-06-27T05:16:15.121Z",
        "groups": [],
        "user_permissions": []
    }
},
{
    "model": "auth.user",
    "pk": 38,
    "fields": {
        "password": "pbkdf2_sha256$870000$CjUoypiPpkLgETPvrfviYO$OrfHAmUbcM+J0D51EqUtRUm2bXVmFsJXes8b59Xz1gc=",
        "last_login": "2025-07-11T22:51:30.307Z",
        "is_superuser": false,
        "username": "Jus",
        "first_name": "Justina",
        "last_name": "Canton",
        "email": "Justiac@hotmail.es",
        "is_staff": true,
        "is_active": true,
        "date_joined": "2025-06-30T01:22:10.116Z",
        "groups": [],
        "user_permissions": []
    }
},
{
    "model": "auth.user",
    "pk": 39,
    "fields": {
        "password": "pbkdf2_sha256$870000$UVR0TY519XctcksWmNAGvm$RbaJZnAnfnpj224zRApjE3MSsRJcavg87UbPtsRGS4A=",
        "last_login": "2025-07-02T02:38:18.547Z",
        "is_superuser": false,
        "username": "PrimerFoto",
        "first_name": "Primer",
        "last_name": "Foto",
        "email": "fofo@gmail.com",
        "is_staff": true,
        "is_active": true,
        "date_joined": "2025-06-30T18:37:18.913Z",
        "groups": [],
        "user_permissions": []
    }
},
{
    "model": "auth.user",
    "pk": 40,
    "fields": {
        "password": "pbkdf2_sha256$870000$zMJQNZ7LVRBWJNIjGDGQV0$1nBErjqyR8OQ0B35L1fs6v8/XUiuXkxq5S20OzVqTsA=",
        "last_login": "2025-07-02T02:38:07.668Z",
        "is_superuser": false,
        "username": "sin_foto",
        "first_name": "Primer2222",
        "last_name": "Foto",
        "email": "darckalejox@gmail.com",
        "is_staff": true,
        "is_active": true,
        "date_joined": "2025-07-01T14:19:50.592Z",
        "groups": [],
        "user_permissions": []
    }
},
{
    "model": "auth.user",
    "pk": 41,
    "fields": {
        "password": "pbkdf2_sha256$870000$eqwbJOyYccnlf9P3ry9Huu$TzRkm3k4QgC07mPfcf5TUxuoWBCgcBjVVQZHBujVfis=",
        "last_login": "2025-07-01T14:22:02.056Z",
        "is_superuser": false,
        "username": "sin_fotoooo",
        "first_name": "Primer",
        "last_name": "Foto",
        "email": "fofo@gmail.com",
        "is_staff": true,
        "is_active": true,
        "date_joined": "2025-07-01T14:22:01.506Z",
        "groups": [],
        "user_permissions": []
    }
},
{
    "model": "auth.user",
    "pk": 42,
    "fields": {
        "password": "pbkdf2_sha256$870000$lbHfxrbnKYCM2dzBudcGmt$1MDR/b/fV1qqslvyBnhVGd3SuKgfBw1JGb548E969ds=",
        "last_login": "2025-07-01T14:23:15.634Z",
        "is_superuser": false,
        "username": "sin_foto333",
        "first_name": "Primer",
        "last_name": "Foto",
        "email": "fofo@gmail.com",
        "is_staff": true,
        "is_active": true,
        "date_joined": "2025-07-01T14:23:15.035Z",
        "groups": [],
        "user_permissions": []
    }
},
{
    "model": "auth.user",
    "pk": 43,
    "fields": {
        "password": "pbkdf2_sha256$870000$mvI4a2cVnWH8wc0Lj4B9EU$hbGrafj0G4+nClxQ4IZtud6MdNgzjVAiEhkWjbx2rfg=",
        "last_login": "2025-07-01T14:27:28.857Z",
        "is_superuser": false,
        "username": "sin_foto666",
        "first_name": "Primer",
        "last_name": "Foto",
        "email": "fofo@gmail.com",
        "is_staff": true,
        "is_active": true,
        "date_joined": "2025-07-01T14:27:28.277Z",
        "groups": [],
        "user_permissions": []
    }
},
{
    "model": "auth.user",
    "pk": 44,
    "fields": {
        "password": "pbkdf2_sha256$870000$7J7kR1qtDnqogV4ZbngSjC$rcFmqNjWy4JA5+d9xNd32ETiLjsKPPIIIaxrgGKgkaA=",
        "last_login": "2025-07-01T14:27:53.158Z",
        "is_superuser": false,
        "username": "sin_foto666jjj",
        "first_name": "Primer gg",
        "last_name": "Foto",
        "email": "fofo@gmail.com",
        "is_staff": true,
        "is_active": true,
        "date_joined": "2025-07-01T14:27:52.601Z",
        "groups": [],
        "user_permissions": []
    }
},
{
    "model": "auth.user",
    "pk": 45,
    "fields": {
        "password": "pbkdf2_sha256$870000$lRDR5SW5bln1V7SfitLrVz$kKIPh2GqXvkgPvU/AURBM9fIwsax8rP4dIiBPF/bYT8=",
        "last_login": "2025-07-01T14:28:46.491Z",
        "is_superuser": false,
        "username": "sin_fotoasasas",
        "first_name": "aas",
        "last_name": "ass",
        "email": "alejo.vincent@alu.ing.unlp.edu.ar",
        "is_staff": true,
        "is_active": true,
        "date_joined": "2025-07-01T14:28:45.903Z",
        "groups": [],
        "user_permissions": []
    }
},
{
    "model": "auth.user",
    "pk": 46,
    "fields": {
        "password": "pbkdf2_sha256$870000$u2jgRet5gniVtqUtgPzu37$oP57MWpcIO4Fo0V6ciQVDonP59WcG0wRMjx3QuMxcG8=",
        "last_login": "2026-02-09T04:45:17.896Z",
        "is_superuser": true,
        "username": "alejo",
        "first_name": "",
        "last_name": "",
        "email": "alejo.vincent26@gmail.com",
        "is_staff": true,
        "is_active": true,
        "date_joined": "2025-10-10T14:47:21.455Z",
        "groups": [],
        "user_permissions": []
    }
},
{
    "model": "auth.user",
    "pk": 47,
    "fields": {
        "password": "pbkdf2_sha256$870000$whbv2xzzCiP7X4EJ7I1llP$HT69Z8hz4BWYrj3rQjQT0xHu/LMF0UArtRJhk5Q7fkE=",
        "last_login": "2025-11-21T21:53:16.709Z",
        "is_superuser": false,
        "username": "Prueba",
        "first_name": "prueba",
        "last_name": "1",
        "email": "aaa@gmail.com",
        "is_staff": false,
        "is_active": true,
        "date_joined": "2025-11-21T20:22:57.595Z",
        "groups": [],
        "user_permissions": []
    }
},
{
    "model": "auth.user",
    "pk": 48,
    "fields": {
        "password": "pbkdf2_sha256$870000$onRB09u8llklzs9JRmJ5GH$Sjda/lGvt6GsTtf9D6wiaHPRGjjFiPyKKVg/DeVXmtI=",
        "last_login": "2025-11-21T21:54:58.237Z",
        "is_superuser": false,
        "username": "aledarck",
        "first_name": "alejo",
        "last_name": "vvv",
        "email": "darckalejox@gmail.com",
        "is_staff": false,
        "is_active": true,
        "date_joined": "2025-11-21T21:54:57.661Z",
        "groups": [],
        "user_permissions": []
    }
},
{
    "model": "auth.user",
    "pk": 49,
    "fields": {
        "password": "pbkdf2_sha256$870000$x1Q2cmhLIavuicTKNoeCiA$buxcDxKW8sWTKFA67mWKLjiX0T6PXV2YHPzmFRXVlxE=",
        "last_login": "2025-11-21T22:04:25.401Z",
        "is_superuser": false,
        "username": "probando",
        "first_name": "alejo",
        "last_name": "vvv",
        "email": "thedarckalejox@gmail.com",
        "is_staff": false,
        "is_active": true,
        "date_joined": "2025-11-21T22:04:24.654Z",
        "groups": [],
        "user_permissions": []
    }
},
{
    "model": "auth.user",
    "pk": 50,
    "fields": {
        "password": "pbkdf2_sha256$870000$T5nIHCIyuTe28ZBWxHeNIw$YBlBEYr4rGZnAeK1GhtbZOSVu/83dvu1+6eoD14keFY=",
        "last_login": "2025-11-21T22:07:35.653Z",
        "is_superuser": false,
        "username": "probando2",
        "first_name": "aaaaa",
        "last_name": "aaa",
        "email": "aaaaeeae@gmail.com",
        "is_staff": false,
        "is_active": true,
        "date_joined": "2025-11-21T22:07:35.309Z",
        "groups": [],
        "user_permissions": []
    }
},
{
    "model": "auth.user",
    "pk": 51,
    "fields": {
        "password": "pbkdf2_sha256$870000$y0l7keLFdBfi86fZ91cxHL$tUyQvOLtsWGKyPDmZZVb8prLT5pV/Vdm8o6GL0PGy8M=",
        "last_login": "2025-11-21T22:09:28.819Z",
        "is_superuser": false,
        "username": "ssssss",
        "first_name": "aaaaaaaaaaaaaaaaaaa",
        "last_name": "aaaaaaaaaaaaaaa",
        "email": "aaaaaa@gmail.com",
        "is_staff": false,
        "is_active": true,
        "date_joined": "2025-11-21T22:09:28.367Z",
        "groups": [],
        "user_permissions": []
    }
},
{
    "model": "auth.user",
    "pk": 52,
    "fields": {
        "password": "pbkdf2_sha256$870000$BmVUyStECEuAobWxKEzwNF$FSx+exV5YFcc7cZpCoNJjLEQoBChNcmAlvUoafyPoAs=",
        "last_login": null,
        "is_superuser": true,
        "username": "admin_test",
        "first_name": "",
        "last_name": "",
        "email": "",
        "is_staff": true,
        "is_active": true,
        "date_joined": "2026-02-09T03:18:40.682Z",
        "groups": [],
        "user_permissions": []
    }
},
{
    "model": "sessions.session",
    "pk": "023v0gieb109pviig46dyyvb2qdtos96",
    "fields": {
        "session_data": ".eJxVjDsOwjAQBe_iGllZr7-U9JzB8meNA8iW4qRC3B0ipYD2zcx7MR-2tfpt0OLnzM4MFTv9jjGkB7Wd5Htot85Tb-syR74r_KCDX3um5-Vw_w5qGPVb6ykBxqITgJVBSEtgnZMJBQY0VFBJkDRl7UqMGg2gQVLF6ELSWRDs_QHp3Dcl:1tsDCA:phJptwiKI9y639KJfMclbsgxh7ErcI4Ed1zJbm82xtw",
        "expire_date": "2025-03-26T03:55:50.401Z"
    }
},
{
    "model": "sessions.session",
    "pk": "0mi1h5tmkyqocxyfjnreoxciw49va4ov",
    "fields": {
        "session_data": ".eJxVjEEOgjAQRe_StWk6HQvFpXvO0ExnpoIaSCisjHdXEha6_e-9_zKJtnVIW9UljWIupjGn3y0TP3Tagdxpus2W52ldxmx3xR602n4WfV4P9-9goDp8a8CsxUWMwXsK3BYoHAgEwEl0Z68NkQOmiBmaFgWhdOhFC0On7IN5fwDfdDfl:1toptV:aGUFI5qgI320s6ctWuzvzwXm6oUw2Ulo5hmBcGeIHEk",
        "expire_date": "2025-03-16T20:26:37.580Z"
    }
},
{
    "model": "sessions.session",
    "pk": "1bov0ptmfxhem0ftytvd2bm1z3jjbvbg",
    "fields": {
        "session_data": ".eJxVjDsOwjAQBe_iGlm2vP5R0nMGa-3d4ABypDipIu5OIqWAdmbe20TCdalp7TynkcRVaHH5ZRnLi9sh6IntMckytWUeszwSedou7xPx-3a2fwcVe93XcUBgBlDWEBo2yjg9ECrN4HYEir2PxQXrtXYRnIvWUjClQM4BFInPF9CbNxo:1uZutA:bxmaGlz3ShnScW7jRjQ9LyV_AXYy6H38aEW4Bh-JxUc",
        "expire_date": "2025-07-24T17:16:52.408Z"
    }
},
{
    "model": "sessions.session",
    "pk": "1jfvhlexd0njks22lf3zj702j1r1cinh",
    "fields": {
        "session_data": ".eJxVjMsOwiAQRf-FtSE8SqEu3fsNZJgZpGogKe3K-O_apAvd3nPOfYkI21ri1nmJM4mzcFqcfscE-OC6E7pDvTWJra7LnOSuyIN2eW3Ez8vh_h0U6OVbe0UUCIPCbJPNmjQHYhxoSKPTBiDpKSgzYnYO0TMyJOWVzd4YRjOJ9wc1qjkW:1vMZJo:1siEmLX-L4-4dLXH0mk34ydjiPTP1uDEKVWeiSoc2-4",
        "expire_date": "2025-12-05T22:09:28.827Z"
    }
},
{
    "model": "sessions.session",
    "pk": "5ey6k2vs67h41kgnlu0jwjoximkkpzbw",
    "fields": {
        "session_data": "e30:1uWKFn:4KdZ5tsBuM6TtKrAKTSazsiu9F082Og8BEYZQe8AevA",
        "expire_date": "2025-07-14T19:33:23.465Z"
    }
},
{
    "model": "sessions.session",
    "pk": "9dukj237r5vn5o5jz8pb6wymlprwnfb9",
    "fields": {
        "session_data": ".eJxVjEsOwjAMBe-SNYqauE0cluw5Q-XYLimgVOpnhbg7VOoCtm9m3sv0tK2l3xad-1HM2QCa0--YiR9adyJ3qrfJ8lTXecx2V-xBF3udRJ-Xw_07KLSUb50ZHCImhtwQq2-RMUPqnA8gqdWoAjmoCxRdG3joHEMTBk_IECWKeX8ACKc4Eg:1uaMaY:jMzYr_V_XdLz2GpejVKGYpra5Bm1N1PSfPXaDojqB6c",
        "expire_date": "2025-07-25T22:51:30.313Z"
    }
},
{
    "model": "sessions.session",
    "pk": "9k1vepmhao7veos97o9du8rzi7nbdwil",
    "fields": {
        "session_data": ".eJxVjEEOgjAQRe_StWk6HQvFpXvO0ExnpoIaSCisjHdXEha6_e-9_zKJtnVIW9UljWIupjGn3y0TP3Tagdxpus2W52ldxmx3xR602n4WfV4P9-9goDp8a8CsxUWMwXsK3BYoHAgEwEl0Z68NkQOmiBmaFgWhdOhFC0On7IN5fwDfdDfl:1tjKB1:H5rTN_ApqhDZuVc0oPoWcjrX7otzOGLUQ6s2PR99TFU",
        "expire_date": "2025-03-01T15:33:55.006Z"
    }
},
{
    "model": "sessions.session",
    "pk": "bjmi321i6dbk9v5ip8c2uirf0xvbe2zf",
    "fields": {
        "session_data": ".eJxVjDsOwjAQBe_iGlm2vP5R0nMGa-3d4ABypDipIu5OIqWAdmbe20TCdalp7TynkcRVaHH5ZRnLi9sh6IntMckytWUeszwSedou7xPx-3a2fwcVe93XcUBgBlDWEBo2yjg9ECrN4HYEir2PxQXrtXYRnIvWUjClQM4BFInPF9CbNxo:1uWKlp:8v8k-dHWCZjeBteUCJilw6pKVaXFtK91kP91U-Ys7F8",
        "expire_date": "2025-07-14T20:06:29.547Z"
    }
},
{
    "model": "sessions.session",
    "pk": "dec114f1hif27csoqetjlbm3u276a1hw",
    "fields": {
        "session_data": "e30:1uWKFT:Fvv3w0pA1VwVG1G0lpiPXxwBExFUicsqVOVZEfFnAWg",
        "expire_date": "2025-07-14T19:33:03.769Z"
    }
},
{
    "model": "sessions.session",
    "pk": "fzyyybak1wlstyrx1ejgwty0v1zblj8z",
    "fields": {
        "session_data": ".eJxVjMsOwiAQRf-FtSHClEdduvcbCAwzUjWQlHZl_HfbpAvd3nPOfYsQ16WEtdMcpiwuAgZx-h1TxCfVneRHrPcmsdVlnpLcFXnQLm8t0-t6uH8HJfay1WxoRAOs2ELUygGfNbAdlSVKybJKkK0DNXgiwwyI2rtsNtu76CyKzxcRYThQ:1u8191:hsUWPTm6MMqvegx3PHa5q2tEa29buUthIV2LpAIiZ2U",
        "expire_date": "2025-05-08T18:17:55.099Z"
    }
},
{
    "model": "sessions.session",
    "pk": "h8vwkecyboza9mun27u7r0tgve2j6mpr",
    "fields": {
        "session_data": ".eJxVjEEOgjAQRe_StWmktJ2pS_ecgcxMB0FNSSisjHdXEha6_e-9_zI9bevYb1WXfsrmYnw0p9-RSR5adpLvVG6zlbmsy8R2V-xBq-3mrM_r4f4djFTHbw0NOj0rBkhNhuxZWuE2gIRIAZxPgIRIPCT05HCIg8SsxDE1rAm8eX8AAEA4NA:1vpHr1:mJ_b0BEgQkS9nzyQn09OYtld0FYaHK6JUcsD2rC-Kao",
        "expire_date": "2026-02-23T03:22:27.301Z"
    }
},
{
    "model": "sessions.session",
    "pk": "jrkln2nho2qepe5akx4vz0qu4ie1wph7",
    "fields": {
        "session_data": ".eJxVjMEOwiAQRP-FsyEIK6wevfsNZJcFqRqalPZk_HfbpAe9Tea9mbeKtMw1Lj1PcRB1UeDU4bdkSs_cNiIPavdRp7HN08B6U_ROu76Nkl_X3f07qNTrunbFFvAMkEDMCYk9u8LouIgNmCmHI5yZjUnkyHgsaw6OKKBgssTq8wUk3TkR:1uWbxI:nx26ZLHO-3bpi4Vm7hIqDzTHyvJ-MELXH7t3ZoaMd84",
        "expire_date": "2025-07-15T14:27:28.864Z"
    }
},
{
    "model": "sessions.session",
    "pk": "nsk6u4cjhtakq6ehce7secc4eadzi38k",
    "fields": {
        "session_data": ".eJxVjDsOwjAQBe_iGlm2vP5R0nMGa-3d4ABypDipIu5OIqWAdmbe20TCdalp7TynkcRVaHH5ZRnLi9sh6IntMckytWUeszwSedou7xPx-3a2fwcVe93XcUBgBlDWEBo2yjg9ECrN4HYEir2PxQXrtXYRnIvWUjClQM4BFInPF9CbNxo:1uspvm:GkIPydcVLF4HY4h6zPF4HAEbhRxowQJfWSolWwKEu58",
        "expire_date": "2025-09-14T21:49:46.690Z"
    }
},
{
    "model": "sessions.session",
    "pk": "o3rtmt4qf88ao69g1s6mr3hfrk3z8naj",
    "fields": {
        "session_data": ".eJxVjMsOwiAQRf-FtSHClEdduvcbCAwzUjWQlHZl_HfbpAvd3nPOfYsQ16WEtdMcpiwuAgZx-h1TxCfVneRHrPcmsdVlnpLcFXnQLm8t0-t6uH8HJfay1WxoRAOs2ELUygGfNbAdlSVKybJKkK0DNXgiwwyI2rtsNtu76CyKzxcRYThQ:1tmhLZ:11cb69p3Ws2_GkKm7WuwKUAVSnFK37PcMgOFjReGiMc",
        "expire_date": "2025-03-10T22:54:45.448Z"
    }
},
{
    "model": "sessions.session",
    "pk": "rr0r3iqp61cxh0tivgoc1xy8pc3gdbbt",
    "fields": {
        "session_data": ".eJxVjEEOgjAQRe_StWk6HQvFpXvO0ExnpoIaSCisjHdXEha6_e-9_zKJtnVIW9UljWIupjGn3y0TP3Tagdxpus2W52ldxmx3xR602n4WfV4P9-9goDp8a8CsxUWMwXsK3BYoHAgEwEl0Z68NkQOmiBmaFgWhdOhFC0On7IN5fwDfdDfl:1u80wY:lQm2UcZEiyevmWuIj1_jB9WiQfExOHT69vVM3-FOeYY",
        "expire_date": "2025-05-08T18:05:02.792Z"
    }
},
{
    "model": "sessions.session",
    "pk": "s9lhn8j3b8m35yedctpgi2c1v162sxl8",
    "fields": {
        "session_data": ".eJxVjMEOwiAQRP-FsyELYTF49O43kN0FpGogKe3J-O-2SQ96m8x7M28VaV1qXEee45TURaE6_XZM8sxtB-lB7d619LbME-td0Qcd-tZTfl0P9--g0qjbuhAGdMQpJ7QQrBhH1qFFc94SAoL34AEsc-ECBkUyuGKzYwAJTn2-z9k3Qg:1tiRV9:kG-2sbIu-tEoE3nbWRfYFl8WNqVIe8kM4nwVYJP9-o0",
        "expire_date": "2025-02-27T05:11:03.270Z"
    }
},
{
    "model": "sessions.session",
    "pk": "w7pluwwo9qpnil21lw7lbj6p0v81gxx9",
    "fields": {
        "session_data": ".eJxVjEEOgjAQRe_StWmktJ2pS_ecgcxMB0FNSSisjHdXEha6_e-9_zI9bevYb1WXfsrmYnw0p9-RSR5adpLvVG6zlbmsy8R2V-xBq-3mrM_r4f4djFTHbw0NOj0rBkhNhuxZWuE2gIRIAZxPgIRIPCT05HCIg8SsxDE1rAm8eX8AAEA4NA:1vpJ9B:I6mpcEFdp2gS1QGPi3Lz4F5HcyCnZB0Ac7kO6jTiYnk",
        "expire_date": "2026-02-23T04:45:17.902Z"
    }
},
{
    "model": "sessions.session",
    "pk": "xogpibxxvlk77sp9gv2y3shuuhlndvgr",
    "fields": {
        "session_data": "e30:1thj4p:3n0IVUMIvEcEePd7sfL2uX-Yw0qzOeG7DdbEOqGl6Fo",
        "expire_date": "2025-02-25T05:44:55.833Z"
    }
},
{
    "model": "sessions.session",
    "pk": "z3nubvx9jrixjqyy4jlspjhq6wpylcsd",
    "fields": {
        "session_data": ".eJxVjDsOwjAQBe_iGlm2vP5R0nMGa-3d4ABypDipIu5OIqWAdmbe20TCdalp7TynkcRVaHH5ZRnLi9sh6IntMckytWUeszwSedou7xPx-3a2fwcVe93XcUBgBlDWEBo2yjg9ECrN4HYEir2PxQXrtXYRnIvWUjClQM4BFInPF9CbNxo:1uZutB:73sn2bRMr6uza53EY-WRS42IVQl2Pma_nGIA1Z5kDF8",
        "expire_date": "2025-07-24T17:16:53.323Z"
    }
},
{
    "model": "AppFulbo.profile",
    "pk": 1,
    "fields": {
        "user": 39,
        "foto_perfil": "fotos_perfil/yo.jpg",
        "fecha_nacimiento": null
    }
},
{
    "model": "AppFulbo.profile",
    "pk": 2,
    "fields": {
        "user": 6,
        "foto_perfil": "fotos_perfil/yo.jpg",
        "fecha_nacimiento": null
    }
},
{
    "model": "AppFulbo.profile",
    "pk": 3,
    "fields": {
        "user": 36,
        "foto_perfil": "fotos_perfil/default.jpg",
        "fecha_nacimiento": null
    }
},
{
    "model": "AppFulbo.profile",
    "pk": 4,
    "fields": {
        "user": 37,
        "foto_perfil": "fotos_perfil/default.jpg",
        "fecha_nacimiento": null
    }
},
{
    "model": "AppFulbo.profile",
    "pk": 5,
    "fields": {
        "user": 33,
        "foto_perfil": "fotos_perfil/default.jpg",
        "fecha_nacimiento": null
    }
},
{
    "model": "AppFulbo.profile",
    "pk": 6,
    "fields": {
        "user": 38,
        "foto_perfil": "fotos_perfil/default.jpg",
        "fecha_nacimiento": null
    }
},
{
    "model": "AppFulbo.profile",
    "pk": 7,
    "fields": {
        "user": 1,
        "foto_perfil": "fotos_perfil/default.jpg",
        "fecha_nacimiento": null
    }
},
{
    "model": "AppFulbo.profile",
    "pk": 8,
    "fields": {
        "user": 2,
        "foto_perfil": "fotos_perfil/default.jpg",
        "fecha_nacimiento": null
    }
},
{
    "model": "AppFulbo.profile",
    "pk": 9,
    "fields": {
        "user": 3,
        "foto_perfil": "fotos_perfil/default.jpg",
        "fecha_nacimiento": null
    }
},
{
    "model": "AppFulbo.profile",
    "pk": 10,
    "fields": {
        "user": 4,
        "foto_perfil": "fotos_perfil/default.jpg",
        "fecha_nacimiento": null
    }
},
{
    "model": "AppFulbo.profile",
    "pk": 11,
    "fields": {
        "user": 5,
        "foto_perfil": "fotos_perfil/yo.jpg",
        "fecha_nacimiento": null
    }
},
{
    "model": "AppFulbo.profile",
    "pk": 12,
    "fields": {
        "user": 34,
        "foto_perfil": "fotos_perfil/yo.jpg",
        "fecha_nacimiento": null
    }
},
{
    "model": "AppFulbo.profile",
    "pk": 13,
    "fields": {
        "user": 35,
        "foto_perfil": "fotos_perfil/yo.jpg",
        "fecha_nacimiento": null
    }
},
{
    "model": "AppFulbo.profile",
    "pk": 14,
    "fields": {
        "user": 40,
        "foto_perfil": "fotos_perfil/yo.jpg",
        "fecha_nacimiento": null
    }
},
{
    "model": "AppFulbo.profile",
    "pk": 15,
    "fields": {
        "user": 41,
        "foto_perfil": "fotos_perfil/yo.jpg",
        "fecha_nacimiento": null
    }
},
{
    "model": "AppFulbo.profile",
    "pk": 16,
    "fields": {
        "user": 42,
        "foto_perfil": "fotos_perfil/yo.jpg",
        "fecha_nacimiento": "2025-07-22"
    }
},
{
    "model": "AppFulbo.profile",
    "pk": 17,
    "fields": {
        "user": 43,
        "foto_perfil": "fotos_perfil/yo.jpg",
        "fecha_nacimiento": "2025-07-22"
    }
},
{
    "model": "AppFulbo.profile",
    "pk": 18,
    "fields": {
        "user": 44,
        "foto_perfil": "fotos_perfil/yo.jpg",
        "fecha_nacimiento": "2025-07-22"
    }
},
{
    "model": "AppFulbo.profile",
    "pk": 19,
    "fields": {
        "user": 45,
        "foto_perfil": "fotos_perfil/yo.jpg",
        "fecha_nacimiento": "2025-07-17"
    }
},
{
    "model": "AppFulbo.profile",
    "pk": 20,
    "fields": {
        "user": 46,
        "foto_perfil": "fotos_perfil/default.jpg",
        "fecha_nacimiento": null
    }
},
{
    "model": "AppFulbo.profile",
    "pk": 21,
    "fields": {
        "user": 47,
        "foto_perfil": "fotos_perfil/default.jpg",
        "fecha_nacimiento": "2000-09-09"
    }
},
{
    "model": "AppFulbo.profile",
    "pk": 22,
    "fields": {
        "user": 48,
        "foto_perfil": "fotos_perfil/default.jpg",
        "fecha_nacimiento": "2000-11-11"
    }
},
{
    "model": "AppFulbo.profile",
    "pk": 23,
    "fields": {
        "user": 49,
        "foto_perfil": "fotos_perfil/default.jpg",
        "fecha_nacimiento": "2000-10-10"
    }
},
{
    "model": "AppFulbo.profile",
    "pk": 24,
    "fields": {
        "user": 50,
        "foto_perfil": "fotos_perfil/default.jpg",
        "fecha_nacimiento": "2000-12-02"
    }
},
{
    "model": "AppFulbo.profile",
    "pk": 25,
    "fields": {
        "user": 51,
        "foto_perfil": "fotos_perfil/TDL2-Enum-muve_de_palabras.png",
        "fecha_nacimiento": "2000-10-10"
    }
},
{
    "model": "AppFulbo.profile",
    "pk": 26,
    "fields": {
        "user": 52,
        "foto_perfil": "fotos_perfil/default.jpg",
        "fecha_nacimiento": null
    }
},
{
    "model": "AppFulbo.liga",
    "pk": 1,
    "fields": {
        "nombre_liga": "pepe",
        "descripcion": null,
        "publica": false,
        "super_presidente": null,
        "presidentes": []
    }
},
{
    "model": "AppFulbo.liga",
    "pk": 2,
    "fields": {
        "nombre_liga": "Aleeeee",
        "descripcion": null,
        "publica": false,
        "super_presidente": null,
        "presidentes": []
    }
},
{
    "model": "AppFulbo.liga",
    "pk": 3,
    "fields": {
        "nombre_liga": "ale 2",
        "descripcion": null,
        "publica": false,
        "super_presidente": null,
        "presidentes": []
    }
},
{
    "model": "AppFulbo.liga",
    "pk": 4,
    "fields": {
        "nombre_liga": "ale 3",
        "descripcion": null,
        "publica": false,
        "super_presidente": null,
        "presidentes": []
    }
},
{
    "model": "AppFulbo.liga",
    "pk": 5,
    "fields": {
        "nombre_liga": "ale 4",
        "descripcion": null,
        "publica": false,
        "super_presidente": null,
        "presidentes": []
    }
},
{
    "model": "AppFulbo.liga",
    "pk": 6,
    "fields": {
        "nombre_liga": "ale 5",
        "descripcion": null,
        "publica": false,
        "super_presidente": null,
        "presidentes": []
    }
},
{
    "model": "AppFulbo.liga",
    "pk": 7,
    "fields": {
        "nombre_liga": "ale 34",
        "descripcion": null,
        "publica": false,
        "super_presidente": null,
        "presidentes": []
    }
},
{
    "model": "AppFulbo.liga",
    "pk": 8,
    "fields": {
        "nombre_liga": "CDC",
        "descripcion": null,
        "publica": false,
        "super_presidente": null,
        "presidentes": []
    }
},
{
    "model": "AppFulbo.liga",
    "pk": 9,
    "fields": {
        "nombre_liga": "Lancha",
        "descripcion": null,
        "publica": false,
        "super_presidente": null,
        "presidentes": []
    }
},
{
    "model": "AppFulbo.liga",
    "pk": 10,
    "fields": {
        "nombre_liga": "lanchaa",
        "descripcion": null,
        "publica": false,
        "super_presidente": null,
        "presidentes": []
    }
},
{
    "model": "AppFulbo.liga",
    "pk": 11,
    "fields": {
        "nombre_liga": "Lncaa",
        "descripcion": null,
        "publica": false,
        "super_presidente": null,
        "presidentes": []
    }
},
{
    "model": "AppFulbo.liga",
    "pk": 12,
    "fields": {
        "nombre_liga": "Poncha FC Leagu",
        "descripcion": null,
        "publica": false,
        "super_presidente": null,
        "presidentes": []
    }
},
{
    "model": "AppFulbo.liga",
    "pk": 13,
    "fields": {
        "nombre_liga": "liga 1 con presi edi",
        "descripcion": "Edite estoooo",
        "publica": false,
        "super_presidente": null,
        "presidentes": []
    }
},
{
    "model": "AppFulbo.liga",
    "pk": 14,
    "fields": {
        "nombre_liga": "Liga 1 descripccion",
        "descripcion": "La liga nasheeeeee",
        "publica": false,
        "super_presidente": null,
        "presidentes": [
            6
        ]
    }
},
{
    "model": "AppFulbo.liga",
    "pk": 15,
    "fields": {
        "nombre_liga": "prueba eliminar juga",
        "descripcion": "asasasssssss",
        "publica": false,
        "super_presidente": null,
        "presidentes": [
            6
        ]
    }
},
{
    "model": "AppFulbo.liga",
    "pk": 16,
    "fields": {
        "nombre_liga": "xxxx",
        "descripcion": "yuyuyuyuyuyuyuyuyuyuyuyuyuyu",
        "publica": false,
        "super_presidente": null,
        "presidentes": [
            6
        ]
    }
},
{
    "model": "AppFulbo.liga",
    "pk": 17,
    "fields": {
        "nombre_liga": "www",
        "descripcion": "www",
        "publica": false,
        "super_presidente": null,
        "presidentes": [
            6
        ]
    }
},
{
    "model": "AppFulbo.liga",
    "pk": 18,
    "fields": {
        "nombre_liga": "asdf",
        "descripcion": "aaa",
        "publica": false,
        "super_presidente": 6,
        "presidentes": []
    }
},
{
    "model": "AppFulbo.liga",
    "pk": 19,
    "fields": {
        "nombre_liga": "Prueba abandono",
        "descripcion": "",
        "publica": false,
        "super_presidente": 6,
        "presidentes": [
            6
        ]
    }
},
{
    "model": "AppFulbo.liga",
    "pk": 20,
    "fields": {
        "nombre_liga": "Prueba abandono 2",
        "descripcion": "",
        "publica": false,
        "super_presidente": 6,
        "presidentes": [
            6
        ]
    }
},
{
    "model": "AppFulbo.liga",
    "pk": 21,
    "fields": {
        "nombre_liga": "Prueba abandono 3",
        "descripcion": "",
        "publica": false,
        "super_presidente": 6,
        "presidentes": [
            6
        ]
    }
},
{
    "model": "AppFulbo.liga",
    "pk": 22,
    "fields": {
        "nombre_liga": "La liga de lancja",
        "descripcion": "es una liga de come bolas angurrientos",
        "publica": false,
        "super_presidente": 6,
        "presidentes": [
            6,
            34
        ]
    }
},
{
    "model": "AppFulbo.liga",
    "pk": 23,
    "fields": {
        "nombre_liga": "Prueba de solicitud",
        "descripcion": "pppppp",
        "publica": false,
        "super_presidente": 34,
        "presidentes": [
            34
        ]
    }
},
{
    "model": "AppFulbo.liga",
    "pk": 24,
    "fields": {
        "nombre_liga": "QQQQ",
        "descripcion": "Es la liga que mas uso para probar",
        "publica": false,
        "super_presidente": 1,
        "presidentes": [
            1,
            6
        ]
    }
},
{
    "model": "AppFulbo.liga",
    "pk": 25,
    "fields": {
        "nombre_liga": "prueba facu",
        "descripcion": "bla bla bla",
        "publica": false,
        "super_presidente": 6,
        "presidentes": [
            6,
            34
        ]
    }
},
{
    "model": "AppFulbo.liga",
    "pk": 26,
    "fields": {
        "nombre_liga": "Liga con cryspy y pb",
        "descripcion": "sera publica",
        "publica": true,
        "super_presidente": 38,
        "presidentes": [
            38
        ]
    }
},
{
    "model": "AppFulbo.liga",
    "pk": 27,
    "fields": {
        "nombre_liga": "qqq",
        "descripcion": "ddwdwd",
        "publica": true,
        "super_presidente": 47,
        "presidentes": [
            47
        ]
    }
},
{
    "model": "AppFulbo.liga",
    "pk": 28,
    "fields": {
        "nombre_liga": "publicaaaa",
        "descripcion": "asasasas",
        "publica": true,
        "super_presidente": 51,
        "presidentes": [
            51
        ]
    }
},
{
    "model": "AppFulbo.jugador",
    "pk": 1,
    "fields": {
        "usuario": 5,
        "apodo": "Ale",
        "posicion": "2",
        "liga": 8,
        "numero": null,
        "activo": true,
        "puntaje": null
    }
},
{
    "model": "AppFulbo.jugador",
    "pk": 2,
    "fields": {
        "usuario": 5,
        "apodo": "AleLnca",
        "posicion": "1",
        "liga": 11,
        "numero": null,
        "activo": true,
        "puntaje": null
    }
},
{
    "model": "AppFulbo.jugador",
    "pk": 3,
    "fields": {
        "usuario": null,
        "apodo": "ale",
        "posicion": "1",
        "liga": 8,
        "numero": null,
        "activo": true,
        "puntaje": null
    }
},
{
    "model": "AppFulbo.jugador",
    "pk": 4,
    "fields": {
        "usuario": null,
        "apodo": "pepe",
        "posicion": "3",
        "liga": 8,
        "numero": null,
        "activo": true,
        "puntaje": null
    }
},
{
    "model": "AppFulbo.jugador",
    "pk": 5,
    "fields": {
        "usuario": 6,
        "apodo": "PonchaToro",
        "posicion": "4",
        "liga": 12,
        "numero": null,
        "activo": true,
        "puntaje": null
    }
},
{
    "model": "AppFulbo.jugador",
    "pk": 6,
    "fields": {
        "usuario": null,
        "apodo": "Alee",
        "posicion": "2",
        "liga": 12,
        "numero": null,
        "activo": true,
        "puntaje": null
    }
},
{
    "model": "AppFulbo.jugador",
    "pk": 7,
    "fields": {
        "usuario": 6,
        "apodo": "Asss",
        "posicion": "1",
        "liga": 13,
        "numero": null,
        "activo": true,
        "puntaje": null
    }
},
{
    "model": "AppFulbo.jugador",
    "pk": 12,
    "fields": {
        "usuario": 6,
        "apodo": "Ale",
        "posicion": "2",
        "liga": 17,
        "numero": null,
        "activo": true,
        "puntaje": null
    }
},
{
    "model": "AppFulbo.jugador",
    "pk": 15,
    "fields": {
        "usuario": 6,
        "apodo": "aban 3",
        "posicion": "2",
        "liga": 21,
        "numero": 16,
        "activo": true,
        "puntaje": null
    }
},
{
    "model": "AppFulbo.jugador",
    "pk": 16,
    "fields": {
        "usuario": null,
        "apodo": "agregatres",
        "posicion": "2",
        "liga": 21,
        "numero": 14,
        "activo": true,
        "puntaje": null
    }
},
{
    "model": "AppFulbo.jugador",
    "pk": 17,
    "fields": {
        "usuario": 34,
        "apodo": "Jug Inv1",
        "posicion": "3",
        "liga": 22,
        "numero": 93,
        "activo": true,
        "puntaje": null
    }
},
{
    "model": "AppFulbo.jugador",
    "pk": 18,
    "fields": {
        "usuario": null,
        "apodo": "El  de al",
        "posicion": "2",
        "liga": 22,
        "numero": 4,
        "activo": true,
        "puntaje": null
    }
},
{
    "model": "AppFulbo.jugador",
    "pk": 19,
    "fields": {
        "usuario": 6,
        "apodo": "Juga Inv1",
        "posicion": "1",
        "liga": 23,
        "numero": 15,
        "activo": true,
        "puntaje": null
    }
},
{
    "model": "AppFulbo.jugador",
    "pk": 20,
    "fields": {
        "usuario": null,
        "apodo": " poncha",
        "posicion": "2",
        "liga": 23,
        "numero": 3,
        "activo": true,
        "puntaje": null
    }
},
{
    "model": "AppFulbo.jugador",
    "pk": 21,
    "fields": {
        "usuario": 6,
        "apodo": "PonchaToro",
        "posicion": "1",
        "liga": 22,
        "numero": 2,
        "activo": true,
        "puntaje": null
    }
},
{
    "model": "AppFulbo.jugador",
    "pk": 24,
    "fields": {
        "usuario": 34,
        "apodo": "QQQ J1",
        "posicion": "3",
        "liga": 24,
        "numero": 5,
        "activo": true,
        "puntaje": 3.9411764705882355
    }
},
{
    "model": "AppFulbo.jugador",
    "pk": 25,
    "fields": {
        "usuario": 35,
        "apodo": "Oti Pito corto",
        "posicion": "1",
        "liga": 24,
        "numero": 6,
        "activo": true,
        "puntaje": 7.1
    }
},
{
    "model": "AppFulbo.jugador",
    "pk": 26,
    "fields": {
        "usuario": 6,
        "apodo": "biblioreca",
        "posicion": "2",
        "liga": 25,
        "numero": 82,
        "activo": true,
        "puntaje": 2.375
    }
},
{
    "model": "AppFulbo.jugador",
    "pk": 27,
    "fields": {
        "usuario": 34,
        "apodo": "jugador usario1",
        "posicion": "1",
        "liga": 25,
        "numero": 4,
        "activo": true,
        "puntaje": 5.7
    }
},
{
    "model": "AppFulbo.jugador",
    "pk": 28,
    "fields": {
        "usuario": 36,
        "apodo": "11111",
        "posicion": "2",
        "liga": 25,
        "numero": 2,
        "activo": true,
        "puntaje": 5.5
    }
},
{
    "model": "AppFulbo.jugador",
    "pk": 29,
    "fields": {
        "usuario": 4,
        "apodo": "modifed",
        "posicion": "4",
        "liga": 24,
        "numero": 99,
        "activo": true,
        "puntaje": 5.714285714285714
    }
},
{
    "model": "AppFulbo.jugador",
    "pk": 30,
    "fields": {
        "usuario": 33,
        "apodo": "eeewwwwwwwwwwww",
        "posicion": "1",
        "liga": 24,
        "numero": 33333,
        "activo": true,
        "puntaje": 5.9
    }
},
{
    "model": "AppFulbo.jugador",
    "pk": 31,
    "fields": {
        "usuario": 38,
        "apodo": "Pollo Veloz",
        "posicion": "4",
        "liga": 24,
        "numero": 10,
        "activo": true,
        "puntaje": 5.666666666666667
    }
},
{
    "model": "AppFulbo.jugador",
    "pk": 32,
    "fields": {
        "usuario": 6,
        "apodo": "Poncha",
        "posicion": "1",
        "liga": 24,
        "numero": 56,
        "activo": true,
        "puntaje": 4.25
    }
},
{
    "model": "AppFulbo.jugador",
    "pk": 33,
    "fields": {
        "usuario": 1,
        "apodo": "amigo de pistol",
        "posicion": "2",
        "liga": 24,
        "numero": 5,
        "activo": true,
        "puntaje": 5.5
    }
},
{
    "model": "AppFulbo.jugador",
    "pk": 34,
    "fields": {
        "usuario": 40,
        "apodo": "ojala ande",
        "posicion": "1",
        "liga": 24,
        "numero": 44,
        "activo": true,
        "puntaje": 7.0
    }
},
{
    "model": "AppFulbo.jugador",
    "pk": 35,
    "fields": {
        "usuario": null,
        "apodo": "recemo",
        "posicion": "1",
        "liga": 24,
        "numero": 44,
        "activo": true,
        "puntaje": 8.0
    }
},
{
    "model": "AppFulbo.jugador",
    "pk": 36,
    "fields": {
        "usuario": 43,
        "apodo": "creo y asc",
        "posicion": "2",
        "liga": 24,
        "numero": 1,
        "activo": true,
        "puntaje": 9.0
    }
},
{
    "model": "AppFulbo.jugador",
    "pk": 37,
    "fields": {
        "usuario": null,
        "apodo": "lancha 1",
        "posicion": "3",
        "liga": 24,
        "numero": 1,
        "activo": true,
        "puntaje": 0.0
    }
},
{
    "model": "AppFulbo.jugador",
    "pk": 38,
    "fields": {
        "usuario": null,
        "apodo": "lancha 2",
        "posicion": "2",
        "liga": 24,
        "numero": 11,
        "activo": true,
        "puntaje": 2.0
    }
},
{
    "model": "AppFulbo.jugador",
    "pk": 39,
    "fields": {
        "usuario": 38,
        "apodo": "EL publica",
        "posicion": "2",
        "liga": 26,
        "numero": 2,
        "activo": true,
        "puntaje": null
    }
},
{
    "model": "AppFulbo.jugador",
    "pk": 40,
    "fields": {
        "usuario": 47,
        "apodo": "ss",
        "posicion": "2",
        "liga": 27,
        "numero": 33,
        "activo": true,
        "puntaje": null
    }
},
{
    "model": "AppFulbo.jugador",
    "pk": 41,
    "fields": {
        "usuario": 51,
        "apodo": "aaa",
        "posicion": "2",
        "liga": 28,
        "numero": 4,
        "activo": true,
        "puntaje": null
    }
},
{
    "model": "AppFulbo.partido",
    "pk": 1,
    "fields": {
        "fecha_partido": "2025-02-14",
        "cancha": "Wimbledon",
        "liga": 8
    }
},
{
    "model": "AppFulbo.partido",
    "pk": 2,
    "fields": {
        "fecha_partido": "2025-02-12",
        "cancha": "Wimbledon",
        "liga": 8
    }
},
{
    "model": "AppFulbo.partido",
    "pk": 3,
    "fields": {
        "fecha_partido": "2025-02-04",
        "cancha": "el tuje",
        "liga": 8
    }
},
{
    "model": "AppFulbo.partido",
    "pk": 4,
    "fields": {
        "fecha_partido": "2025-02-14",
        "cancha": "El Depto",
        "liga": 12
    }
},
{
    "model": "AppFulbo.partido",
    "pk": 5,
    "fields": {
        "fecha_partido": "2025-02-05",
        "cancha": "Wimbledon",
        "liga": 14
    }
},
{
    "model": "AppFulbo.partido",
    "pk": 6,
    "fields": {
        "fecha_partido": "2025-02-28",
        "cancha": "lo de lancha",
        "liga": 22
    }
},
{
    "model": "AppFulbo.partido",
    "pk": 7,
    "fields": {
        "fecha_partido": null,
        "cancha": "a",
        "liga": 22
    }
},
{
    "model": "AppFulbo.partido",
    "pk": 8,
    "fields": {
        "fecha_partido": "2025-03-10",
        "cancha": "penelope",
        "liga": 24
    }
},
{
    "model": "AppFulbo.partido",
    "pk": 9,
    "fields": {
        "fecha_partido": "2025-03-04",
        "cancha": "PEPE2",
        "liga": 24
    }
},
{
    "model": "AppFulbo.partido",
    "pk": 11,
    "fields": {
        "fecha_partido": "2025-03-04",
        "cancha": "intento 3",
        "liga": 24
    }
},
{
    "model": "AppFulbo.partido",
    "pk": 12,
    "fields": {
        "fecha_partido": "2025-03-04",
        "cancha": "jus",
        "liga": 24
    }
},
{
    "model": "AppFulbo.partido",
    "pk": 13,
    "fields": {
        "fecha_partido": "2025-03-04",
        "cancha": "kk",
        "liga": 24
    }
},
{
    "model": "AppFulbo.partido",
    "pk": 15,
    "fields": {
        "fecha_partido": "2025-03-22",
        "cancha": "ASD",
        "liga": 24
    }
},
{
    "model": "AppFulbo.partido",
    "pk": 16,
    "fields": {
        "fecha_partido": null,
        "cancha": "reee",
        "liga": 24
    }
},
{
    "model": "AppFulbo.partido",
    "pk": 17,
    "fields": {
        "fecha_partido": "2025-03-04",
        "cancha": "zzz",
        "liga": 24
    }
},
{
    "model": "AppFulbo.partido",
    "pk": 18,
    "fields": {
        "fecha_partido": "2025-03-12",
        "cancha": "en casa",
        "liga": 24
    }
},
{
    "model": "AppFulbo.partido",
    "pk": 22,
    "fields": {
        "fecha_partido": "2025-02-24",
        "cancha": "A VEER",
        "liga": 24
    }
},
{
    "model": "AppFulbo.partido",
    "pk": 23,
    "fields": {
        "fecha_partido": "2025-03-18",
        "cancha": "Wimbledon",
        "liga": 24
    }
},
{
    "model": "AppFulbo.partido",
    "pk": 24,
    "fields": {
        "fecha_partido": "2025-04-08",
        "cancha": "Wimbledon",
        "liga": 25
    }
},
{
    "model": "AppFulbo.partido",
    "pk": 25,
    "fields": {
        "fecha_partido": "2025-04-24",
        "cancha": "Facu",
        "liga": 25
    }
},
{
    "model": "AppFulbo.partido",
    "pk": 26,
    "fields": {
        "fecha_partido": "2025-04-01",
        "cancha": "qqq",
        "liga": 25
    }
},
{
    "model": "AppFulbo.partido",
    "pk": 27,
    "fields": {
        "fecha_partido": "2025-06-29",
        "cancha": "Aver a ver",
        "liga": 24
    }
},
{
    "model": "AppFulbo.partido",
    "pk": 28,
    "fields": {
        "fecha_partido": "2025-07-06",
        "cancha": "puntuar",
        "liga": 24
    }
},
{
    "model": "AppFulbo.partido",
    "pk": 29,
    "fields": {
        "fecha_partido": "2025-06-29",
        "cancha": "Debut Jus",
        "liga": 24
    }
},
{
    "model": "AppFulbo.partido",
    "pk": 30,
    "fields": {
        "fecha_partido": "2025-06-24",
        "cancha": "ppppp",
        "liga": 24
    }
},
{
    "model": "AppFulbo.partido",
    "pk": 31,
    "fields": {
        "fecha_partido": null,
        "cancha": "wimbledon",
        "liga": 24
    }
},
{
    "model": "AppFulbo.partido",
    "pk": 32,
    "fields": {
        "fecha_partido": null,
        "cancha": "estadio 7",
        "liga": 24
    }
},
{
    "model": "AppFulbo.partido",
    "pk": 34,
    "fields": {
        "fecha_partido": "2025-07-10",
        "cancha": "puntuar",
        "liga": 24
    }
},
{
    "model": "AppFulbo.partido",
    "pk": 35,
    "fields": {
        "fecha_partido": "2025-08-13",
        "cancha": "zxczxc",
        "liga": 24
    }
},
{
    "model": "AppFulbo.puntajepartido",
    "pk": 1,
    "fields": {
        "jugador": 1,
        "partido": 1,
        "puntaje": 2.0,
        "cant_puntajes": 0.0
    }
},
{
    "model": "AppFulbo.puntajepartido",
    "pk": 2,
    "fields": {
        "jugador": 1,
        "partido": 3,
        "puntaje": 2.0,
        "cant_puntajes": 0.0
    }
},
{
    "model": "AppFulbo.puntajepartido",
    "pk": 3,
    "fields": {
        "jugador": 3,
        "partido": 3,
        "puntaje": 2.0,
        "cant_puntajes": 0.0
    }
},
{
    "model": "AppFulbo.puntajepartido",
    "pk": 4,
    "fields": {
        "jugador": 4,
        "partido": 3,
        "puntaje": 2.0,
        "cant_puntajes": 0.0
    }
},
{
    "model": "AppFulbo.puntajepartido",
    "pk": 5,
    "fields": {
        "jugador": 5,
        "partido": 4,
        "puntaje": 2.0,
        "cant_puntajes": 0.0
    }
},
{
    "model": "AppFulbo.puntajepartido",
    "pk": 6,
    "fields": {
        "jugador": 6,
        "partido": 4,
        "puntaje": 2.0,
        "cant_puntajes": 0.0
    }
},
{
    "model": "AppFulbo.puntajepartido",
    "pk": 8,
    "fields": {
        "jugador": 17,
        "partido": 6,
        "puntaje": 2.0,
        "cant_puntajes": 0.0
    }
},
{
    "model": "AppFulbo.puntajepartido",
    "pk": 9,
    "fields": {
        "jugador": 17,
        "partido": 7,
        "puntaje": 2.0,
        "cant_puntajes": 0.0
    }
},
{
    "model": "AppFulbo.puntajepartido",
    "pk": 10,
    "fields": {
        "jugador": 18,
        "partido": 7,
        "puntaje": 2.0,
        "cant_puntajes": 0.0
    }
},
{
    "model": "AppFulbo.puntajepartido",
    "pk": 12,
    "fields": {
        "jugador": 24,
        "partido": 9,
        "puntaje": 2.0,
        "cant_puntajes": 0.0
    }
},
{
    "model": "AppFulbo.puntajepartido",
    "pk": 16,
    "fields": {
        "jugador": 24,
        "partido": 11,
        "puntaje": 2.0,
        "cant_puntajes": 0.0
    }
},
{
    "model": "AppFulbo.puntajepartido",
    "pk": 18,
    "fields": {
        "jugador": 24,
        "partido": 12,
        "puntaje": 2.0,
        "cant_puntajes": 0.0
    }
},
{
    "model": "AppFulbo.puntajepartido",
    "pk": 20,
    "fields": {
        "jugador": 24,
        "partido": 13,
        "puntaje": 2.0,
        "cant_puntajes": 0.0
    }
},
{
    "model": "AppFulbo.puntajepartido",
    "pk": 23,
    "fields": {
        "jugador": 24,
        "partido": 15,
        "puntaje": 2.0,
        "cant_puntajes": 0.0
    }
},
{
    "model": "AppFulbo.puntajepartido",
    "pk": 25,
    "fields": {
        "jugador": 24,
        "partido": 16,
        "puntaje": 2.0,
        "cant_puntajes": 1.0
    }
},
{
    "model": "AppFulbo.puntajepartido",
    "pk": 27,
    "fields": {
        "jugador": 24,
        "partido": 17,
        "puntaje": 5.0,
        "cant_puntajes": 1.0
    }
},
{
    "model": "AppFulbo.puntajepartido",
    "pk": 29,
    "fields": {
        "jugador": 24,
        "partido": 18,
        "puntaje": 1.0,
        "cant_puntajes": 1.0
    }
},
{
    "model": "AppFulbo.puntajepartido",
    "pk": 30,
    "fields": {
        "jugador": 25,
        "partido": 18,
        "puntaje": 1.0,
        "cant_puntajes": 1.0
    }
},
{
    "model": "AppFulbo.puntajepartido",
    "pk": 39,
    "fields": {
        "jugador": 24,
        "partido": 22,
        "puntaje": 5.0,
        "cant_puntajes": 1.0
    }
},
{
    "model": "AppFulbo.puntajepartido",
    "pk": 40,
    "fields": {
        "jugador": 25,
        "partido": 22,
        "puntaje": 32.0,
        "cant_puntajes": 2.0
    }
},
{
    "model": "AppFulbo.puntajepartido",
    "pk": 42,
    "fields": {
        "jugador": 24,
        "partido": 23,
        "puntaje": 6.0,
        "cant_puntajes": 1.0
    }
},
{
    "model": "AppFulbo.puntajepartido",
    "pk": 43,
    "fields": {
        "jugador": 25,
        "partido": 23,
        "puntaje": 2.0,
        "cant_puntajes": 2.0
    }
},
{
    "model": "AppFulbo.puntajepartido",
    "pk": 44,
    "fields": {
        "jugador": 26,
        "partido": 24,
        "puntaje": 0.0,
        "cant_puntajes": 0.0
    }
},
{
    "model": "AppFulbo.puntajepartido",
    "pk": 45,
    "fields": {
        "jugador": 26,
        "partido": 25,
        "puntaje": 3.15,
        "cant_puntajes": 2.0
    }
},
{
    "model": "AppFulbo.puntajepartido",
    "pk": 46,
    "fields": {
        "jugador": 27,
        "partido": 25,
        "puntaje": 5.7,
        "cant_puntajes": 2.0
    }
},
{
    "model": "AppFulbo.puntajepartido",
    "pk": 47,
    "fields": {
        "jugador": 28,
        "partido": 25,
        "puntaje": 5.5,
        "cant_puntajes": 2.0
    }
},
{
    "model": "AppFulbo.puntajepartido",
    "pk": 48,
    "fields": {
        "jugador": 26,
        "partido": 26,
        "puntaje": 1.6,
        "cant_puntajes": 1.0
    }
},
{
    "model": "AppFulbo.puntajepartido",
    "pk": 49,
    "fields": {
        "jugador": 28,
        "partido": 26,
        "puntaje": 0.0,
        "cant_puntajes": 0.0
    }
},
{
    "model": "AppFulbo.puntajepartido",
    "pk": 51,
    "fields": {
        "jugador": 24,
        "partido": 27,
        "puntaje": 10.0,
        "cant_puntajes": 1.0
    }
},
{
    "model": "AppFulbo.puntajepartido",
    "pk": 52,
    "fields": {
        "jugador": 25,
        "partido": 27,
        "puntaje": 5.0,
        "cant_puntajes": 1.0
    }
},
{
    "model": "AppFulbo.puntajepartido",
    "pk": 53,
    "fields": {
        "jugador": 29,
        "partido": 27,
        "puntaje": 6.0,
        "cant_puntajes": 1.0
    }
},
{
    "model": "AppFulbo.puntajepartido",
    "pk": 54,
    "fields": {
        "jugador": 30,
        "partido": 27,
        "puntaje": 7.0,
        "cant_puntajes": 1.0
    }
},
{
    "model": "AppFulbo.puntajepartido",
    "pk": 56,
    "fields": {
        "jugador": 24,
        "partido": 28,
        "puntaje": 7.0,
        "cant_puntajes": 2.0
    }
},
{
    "model": "AppFulbo.puntajepartido",
    "pk": 57,
    "fields": {
        "jugador": 25,
        "partido": 28,
        "puntaje": 6.0,
        "cant_puntajes": 2.0
    }
},
{
    "model": "AppFulbo.puntajepartido",
    "pk": 58,
    "fields": {
        "jugador": 29,
        "partido": 28,
        "puntaje": 5.0,
        "cant_puntajes": 1.0
    }
},
{
    "model": "AppFulbo.puntajepartido",
    "pk": 59,
    "fields": {
        "jugador": 30,
        "partido": 28,
        "puntaje": 7.5,
        "cant_puntajes": 2.0
    }
},
{
    "model": "AppFulbo.puntajepartido",
    "pk": 61,
    "fields": {
        "jugador": 24,
        "partido": 29,
        "puntaje": 3.5,
        "cant_puntajes": 2.0
    }
},
{
    "model": "AppFulbo.puntajepartido",
    "pk": 62,
    "fields": {
        "jugador": 25,
        "partido": 29,
        "puntaje": 4.0,
        "cant_puntajes": 2.0
    }
},
{
    "model": "AppFulbo.puntajepartido",
    "pk": 63,
    "fields": {
        "jugador": 29,
        "partido": 29,
        "puntaje": 4.5,
        "cant_puntajes": 2.0
    }
},
{
    "model": "AppFulbo.puntajepartido",
    "pk": 64,
    "fields": {
        "jugador": 30,
        "partido": 29,
        "puntaje": 5.0,
        "cant_puntajes": 2.0
    }
},
{
    "model": "AppFulbo.puntajepartido",
    "pk": 65,
    "fields": {
        "jugador": 31,
        "partido": 29,
        "puntaje": 8.0,
        "cant_puntajes": 1.0
    }
},
{
    "model": "AppFulbo.puntajepartido",
    "pk": 67,
    "fields": {
        "jugador": 24,
        "partido": 30,
        "puntaje": 7.0,
        "cant_puntajes": 1.0
    }
},
{
    "model": "AppFulbo.puntajepartido",
    "pk": 68,
    "fields": {
        "jugador": 25,
        "partido": 30,
        "puntaje": 8.0,
        "cant_puntajes": 1.0
    }
},
{
    "model": "AppFulbo.puntajepartido",
    "pk": 69,
    "fields": {
        "jugador": 29,
        "partido": 30,
        "puntaje": 9.0,
        "cant_puntajes": 1.0
    }
},
{
    "model": "AppFulbo.puntajepartido",
    "pk": 70,
    "fields": {
        "jugador": 30,
        "partido": 30,
        "puntaje": 6.0,
        "cant_puntajes": 1.0
    }
},
{
    "model": "AppFulbo.puntajepartido",
    "pk": 71,
    "fields": {
        "jugador": 31,
        "partido": 30,
        "puntaje": 0.0,
        "cant_puntajes": 0.0
    }
},
{
    "model": "AppFulbo.puntajepartido",
    "pk": 72,
    "fields": {
        "jugador": 32,
        "partido": 30,
        "puntaje": 3.0,
        "cant_puntajes": 1.0
    }
},
{
    "model": "AppFulbo.puntajepartido",
    "pk": 88,
    "fields": {
        "jugador": 24,
        "partido": 32,
        "puntaje": 5.5,
        "cant_puntajes": 2.0
    }
},
{
    "model": "AppFulbo.puntajepartido",
    "pk": 89,
    "fields": {
        "jugador": 25,
        "partido": 32,
        "puntaje": 6.0,
        "cant_puntajes": 2.0
    }
},
{
    "model": "AppFulbo.puntajepartido",
    "pk": 90,
    "fields": {
        "jugador": 29,
        "partido": 32,
        "puntaje": 6.5,
        "cant_puntajes": 2.0
    }
},
{
    "model": "AppFulbo.puntajepartido",
    "pk": 91,
    "fields": {
        "jugador": 31,
        "partido": 32,
        "puntaje": 4.0,
        "cant_puntajes": 1.0
    }
},
{
    "model": "AppFulbo.puntajepartido",
    "pk": 92,
    "fields": {
        "jugador": 33,
        "partido": 32,
        "puntaje": 5.0,
        "cant_puntajes": 1.0
    }
},
{
    "model": "AppFulbo.puntajepartido",
    "pk": 98,
    "fields": {
        "jugador": 24,
        "partido": 31,
        "puntaje": 4.0,
        "cant_puntajes": 1.0
    }
},
{
    "model": "AppFulbo.puntajepartido",
    "pk": 99,
    "fields": {
        "jugador": 25,
        "partido": 31,
        "puntaje": 5.0,
        "cant_puntajes": 1.0
    }
},
{
    "model": "AppFulbo.puntajepartido",
    "pk": 100,
    "fields": {
        "jugador": 29,
        "partido": 31,
        "puntaje": 6.0,
        "cant_puntajes": 1.0
    }
},
{
    "model": "AppFulbo.puntajepartido",
    "pk": 101,
    "fields": {
        "jugador": 31,
        "partido": 31,
        "puntaje": 0.0,
        "cant_puntajes": 0.0
    }
},
{
    "model": "AppFulbo.puntajepartido",
    "pk": 102,
    "fields": {
        "jugador": 24,
        "partido": 34,
        "puntaje": 1.0,
        "cant_puntajes": 2.0
    }
},
{
    "model": "AppFulbo.puntajepartido",
    "pk": 103,
    "fields": {
        "jugador": 25,
        "partido": 34,
        "puntaje": 2.0,
        "cant_puntajes": 2.0
    }
},
{
    "model": "AppFulbo.puntajepartido",
    "pk": 104,
    "fields": {
        "jugador": 29,
        "partido": 34,
        "puntaje": 3.0,
        "cant_puntajes": 2.0
    }
},
{
    "model": "AppFulbo.puntajepartido",
    "pk": 105,
    "fields": {
        "jugador": 30,
        "partido": 34,
        "puntaje": 4.0,
        "cant_puntajes": 2.0
    }
},
{
    "model": "AppFulbo.puntajepartido",
    "pk": 106,
    "fields": {
        "jugador": 31,
        "partido": 34,
        "puntaje": 5.0,
        "cant_puntajes": 1.0
    }
},
{
    "model": "AppFulbo.puntajepartido",
    "pk": 107,
    "fields": {
        "jugador": 32,
        "partido": 34,
        "puntaje": 5.5,
        "cant_puntajes": 2.0
    }
},
{
    "model": "AppFulbo.puntajepartido",
    "pk": 108,
    "fields": {
        "jugador": 33,
        "partido": 34,
        "puntaje": 6.0,
        "cant_puntajes": 1.0
    }
},
{
    "model": "AppFulbo.puntajepartido",
    "pk": 109,
    "fields": {
        "jugador": 34,
        "partido": 34,
        "puntaje": 7.0,
        "cant_puntajes": 2.0
    }
},
{
    "model": "AppFulbo.puntajepartido",
    "pk": 110,
    "fields": {
        "jugador": 35,
        "partido": 34,
        "puntaje": 8.0,
        "cant_puntajes": 2.0
    }
},
{
    "model": "AppFulbo.puntajepartido",
    "pk": 111,
    "fields": {
        "jugador": 36,
        "partido": 34,
        "puntaje": 9.0,
        "cant_puntajes": 2.0
    }
},
{
    "model": "AppFulbo.puntajepartido",
    "pk": 112,
    "fields": {
        "jugador": 37,
        "partido": 34,
        "puntaje": 0.0,
        "cant_puntajes": 2.0
    }
},
{
    "model": "AppFulbo.puntajepartido",
    "pk": 113,
    "fields": {
        "jugador": 38,
        "partido": 34,
        "puntaje": 2.0,
        "cant_puntajes": 2.0
    }
},
{
    "model": "AppFulbo.puntajepartido",
    "pk": 114,
    "fields": {
        "jugador": 29,
        "partido": 35,
        "puntaje": 0.0,
        "cant_puntajes": 0.0
    }
},
{
    "model": "AppFulbo.puntajepartido",
    "pk": 115,
    "fields": {
        "jugador": 30,
        "partido": 35,
        "puntaje": 0.0,
        "cant_puntajes": 0.0
    }
},
{
    "model": "AppFulbo.puntajepartido",
    "pk": 116,
    "fields": {
        "jugador": 31,
        "partido": 35,
        "puntaje": 0.0,
        "cant_puntajes": 0.0
    }
},
{
    "model": "AppFulbo.puntajepartido",
    "pk": 117,
    "fields": {
        "jugador": 32,
        "partido": 35,
        "puntaje": 0.0,
        "cant_puntajes": 0.0
    }
},
{
    "model": "AppFulbo.puntajepartido",
    "pk": 118,
    "fields": {
        "jugador": 33,
        "partido": 35,
        "puntaje": 0.0,
        "cant_puntajes": 0.0
    }
},
{
    "model": "AppFulbo.puntajepartido",
    "pk": 119,
    "fields": {
        "jugador": 34,
        "partido": 35,
        "puntaje": 0.0,
        "cant_puntajes": 0.0
    }
},
{
    "model": "AppFulbo.puntuacionpendiente",
    "pk": 3,
    "fields": {
        "puntaje_partido": 23,
        "jugador": 24,
        "partido": 15,
        "liga": 24
    }
},
{
    "model": "AppFulbo.puntuacionpendiente",
    "pk": 5,
    "fields": {
        "puntaje_partido": 25,
        "jugador": 24,
        "partido": 16,
        "liga": 24
    }
},
{
    "model": "AppFulbo.puntuacionpendiente",
    "pk": 7,
    "fields": {
        "puntaje_partido": 27,
        "jugador": 24,
        "partido": 17,
        "liga": 24
    }
},
{
    "model": "AppFulbo.puntuacionpendiente",
    "pk": 9,
    "fields": {
        "puntaje_partido": 29,
        "jugador": 24,
        "partido": 18,
        "liga": 24
    }
},
{
    "model": "AppFulbo.puntuacionpendiente",
    "pk": 10,
    "fields": {
        "puntaje_partido": 30,
        "jugador": 25,
        "partido": 18,
        "liga": 24
    }
},
{
    "model": "AppFulbo.puntuacionpendiente",
    "pk": 19,
    "fields": {
        "puntaje_partido": 40,
        "jugador": 25,
        "partido": 22,
        "liga": 24
    }
},
{
    "model": "AppFulbo.puntuacionpendiente",
    "pk": 22,
    "fields": {
        "puntaje_partido": 43,
        "jugador": 25,
        "partido": 23,
        "liga": 24
    }
},
{
    "model": "AppFulbo.puntuacionpendiente",
    "pk": 27,
    "fields": {
        "puntaje_partido": 48,
        "jugador": 26,
        "partido": 26,
        "liga": 25
    }
},
{
    "model": "AppFulbo.puntuacionpendiente",
    "pk": 30,
    "fields": {
        "puntaje_partido": 51,
        "jugador": 24,
        "partido": 27,
        "liga": 24
    }
},
{
    "model": "AppFulbo.puntuacionpendiente",
    "pk": 31,
    "fields": {
        "puntaje_partido": 52,
        "jugador": 25,
        "partido": 27,
        "liga": 24
    }
},
{
    "model": "AppFulbo.puntuacionpendiente",
    "pk": 32,
    "fields": {
        "puntaje_partido": 53,
        "jugador": 29,
        "partido": 27,
        "liga": 24
    }
},
{
    "model": "AppFulbo.puntuacionpendiente",
    "pk": 33,
    "fields": {
        "puntaje_partido": 54,
        "jugador": 30,
        "partido": 27,
        "liga": 24
    }
},
{
    "model": "AppFulbo.puntuacionpendiente",
    "pk": 35,
    "fields": {
        "puntaje_partido": 56,
        "jugador": 24,
        "partido": 28,
        "liga": 24
    }
},
{
    "model": "AppFulbo.puntuacionpendiente",
    "pk": 36,
    "fields": {
        "puntaje_partido": 57,
        "jugador": 25,
        "partido": 28,
        "liga": 24
    }
},
{
    "model": "AppFulbo.puntuacionpendiente",
    "pk": 38,
    "fields": {
        "puntaje_partido": 59,
        "jugador": 30,
        "partido": 28,
        "liga": 24
    }
},
{
    "model": "AppFulbo.puntuacionpendiente",
    "pk": 40,
    "fields": {
        "puntaje_partido": 61,
        "jugador": 24,
        "partido": 29,
        "liga": 24
    }
},
{
    "model": "AppFulbo.puntuacionpendiente",
    "pk": 41,
    "fields": {
        "puntaje_partido": 62,
        "jugador": 25,
        "partido": 29,
        "liga": 24
    }
},
{
    "model": "AppFulbo.puntuacionpendiente",
    "pk": 42,
    "fields": {
        "puntaje_partido": 63,
        "jugador": 29,
        "partido": 29,
        "liga": 24
    }
},
{
    "model": "AppFulbo.puntuacionpendiente",
    "pk": 43,
    "fields": {
        "puntaje_partido": 64,
        "jugador": 30,
        "partido": 29,
        "liga": 24
    }
},
{
    "model": "AppFulbo.puntuacionpendiente",
    "pk": 46,
    "fields": {
        "puntaje_partido": 67,
        "jugador": 24,
        "partido": 30,
        "liga": 24
    }
},
{
    "model": "AppFulbo.puntuacionpendiente",
    "pk": 47,
    "fields": {
        "puntaje_partido": 68,
        "jugador": 25,
        "partido": 30,
        "liga": 24
    }
},
{
    "model": "AppFulbo.puntuacionpendiente",
    "pk": 48,
    "fields": {
        "puntaje_partido": 69,
        "jugador": 29,
        "partido": 30,
        "liga": 24
    }
},
{
    "model": "AppFulbo.puntuacionpendiente",
    "pk": 49,
    "fields": {
        "puntaje_partido": 70,
        "jugador": 30,
        "partido": 30,
        "liga": 24
    }
},
{
    "model": "AppFulbo.puntuacionpendiente",
    "pk": 51,
    "fields": {
        "puntaje_partido": 72,
        "jugador": 32,
        "partido": 30,
        "liga": 24
    }
},
{
    "model": "AppFulbo.puntuacionpendiente",
    "pk": 67,
    "fields": {
        "puntaje_partido": 88,
        "jugador": 24,
        "partido": 32,
        "liga": 24
    }
},
{
    "model": "AppFulbo.puntuacionpendiente",
    "pk": 68,
    "fields": {
        "puntaje_partido": 89,
        "jugador": 25,
        "partido": 32,
        "liga": 24
    }
},
{
    "model": "AppFulbo.puntuacionpendiente",
    "pk": 69,
    "fields": {
        "puntaje_partido": 90,
        "jugador": 29,
        "partido": 32,
        "liga": 24
    }
},
{
    "model": "AppFulbo.puntuacionpendiente",
    "pk": 77,
    "fields": {
        "puntaje_partido": 98,
        "jugador": 24,
        "partido": 31,
        "liga": 24
    }
},
{
    "model": "AppFulbo.puntuacionpendiente",
    "pk": 78,
    "fields": {
        "puntaje_partido": 99,
        "jugador": 25,
        "partido": 31,
        "liga": 24
    }
},
{
    "model": "AppFulbo.puntuacionpendiente",
    "pk": 79,
    "fields": {
        "puntaje_partido": 100,
        "jugador": 29,
        "partido": 31,
        "liga": 24
    }
},
{
    "model": "AppFulbo.puntuacionpendiente",
    "pk": 81,
    "fields": {
        "puntaje_partido": 102,
        "jugador": 24,
        "partido": 34,
        "liga": 24
    }
},
{
    "model": "AppFulbo.puntuacionpendiente",
    "pk": 82,
    "fields": {
        "puntaje_partido": 103,
        "jugador": 25,
        "partido": 34,
        "liga": 24
    }
},
{
    "model": "AppFulbo.puntuacionpendiente",
    "pk": 83,
    "fields": {
        "puntaje_partido": 104,
        "jugador": 29,
        "partido": 34,
        "liga": 24
    }
},
{
    "model": "AppFulbo.puntuacionpendiente",
    "pk": 84,
    "fields": {
        "puntaje_partido": 105,
        "jugador": 30,
        "partido": 34,
        "liga": 24
    }
},
{
    "model": "AppFulbo.puntuacionpendiente",
    "pk": 86,
    "fields": {
        "puntaje_partido": 107,
        "jugador": 32,
        "partido": 34,
        "liga": 24
    }
},
{
    "model": "AppFulbo.puntuacionpendiente",
    "pk": 88,
    "fields": {
        "puntaje_partido": 109,
        "jugador": 34,
        "partido": 34,
        "liga": 24
    }
},
{
    "model": "AppFulbo.puntuacionpendiente",
    "pk": 89,
    "fields": {
        "puntaje_partido": 110,
        "jugador": 35,
        "partido": 34,
        "liga": 24
    }
},
{
    "model": "AppFulbo.puntuacionpendiente",
    "pk": 90,
    "fields": {
        "puntaje_partido": 111,
        "jugador": 36,
        "partido": 34,
        "liga": 24
    }
},
{
    "model": "AppFulbo.puntuacionpendiente",
    "pk": 91,
    "fields": {
        "puntaje_partido": 112,
        "jugador": 37,
        "partido": 34,
        "liga": 24
    }
},
{
    "model": "AppFulbo.puntuacionpendiente",
    "pk": 92,
    "fields": {
        "puntaje_partido": 113,
        "jugador": 38,
        "partido": 34,
        "liga": 24
    }
},
{
    "model": "AppFulbo.puntuacionpendiente",
    "pk": 93,
    "fields": {
        "puntaje_partido": 114,
        "jugador": 29,
        "partido": 35,
        "liga": 24
    }
},
{
    "model": "AppFulbo.puntuacionpendiente",
    "pk": 94,
    "fields": {
        "puntaje_partido": 115,
        "jugador": 30,
        "partido": 35,
        "liga": 24
    }
},
{
    "model": "AppFulbo.puntuacionpendiente",
    "pk": 95,
    "fields": {
        "puntaje_partido": 116,
        "jugador": 31,
        "partido": 35,
        "liga": 24
    }
},
{
    "model": "AppFulbo.puntuacionpendiente",
    "pk": 96,
    "fields": {
        "puntaje_partido": 117,
        "jugador": 32,
        "partido": 35,
        "liga": 24
    }
},
{
    "model": "AppFulbo.puntuacionpendiente",
    "pk": 97,
    "fields": {
        "puntaje_partido": 118,
        "jugador": 33,
        "partido": 35,
        "liga": 24
    }
},
{
    "model": "AppFulbo.puntuacionpendiente",
    "pk": 98,
    "fields": {
        "puntaje_partido": 119,
        "jugador": 34,
        "partido": 35,
        "liga": 24
    }
},
{
    "model": "AppFulbo.notificacion",
    "pk": 1,
    "fields": {
        "usuario": 34,
        "tipo": "MSG",
        "mensaje": "Nuevo mensaje de Poncha",
        "url": "/mensajes/conversacion/2/",
        "leido": true,
        "fecha_creacion": "2025-02-25T14:03:49.030Z"
    }
},
{
    "model": "AppFulbo.notificacion",
    "pk": 2,
    "fields": {
        "usuario": 6,
        "tipo": "MSG",
        "mensaje": "Nuevo mensaje de invitado1",
        "url": "AppFulbo/mensajes/conversacion/2/",
        "leido": true,
        "fecha_creacion": "2025-02-25T14:44:01.686Z"
    }
},
{
    "model": "AppFulbo.notificacion",
    "pk": 3,
    "fields": {
        "usuario": 6,
        "tipo": "MSG",
        "mensaje": "Nuevo mensaje de invitado1",
        "url": "/mensajes/conversacion/2/",
        "leido": true,
        "fecha_creacion": "2025-02-25T14:48:22.700Z"
    }
},
{
    "model": "AppFulbo.notificacion",
    "pk": 4,
    "fields": {
        "usuario": 6,
        "tipo": "MSG",
        "mensaje": "Nuevo mensaje de invitado1",
        "url": "AppFulbo/mensajes/conversacion/2/",
        "leido": true,
        "fecha_creacion": "2025-02-25T14:49:21.518Z"
    }
},
{
    "model": "AppFulbo.notificacion",
    "pk": 5,
    "fields": {
        "usuario": 6,
        "tipo": "MSG",
        "mensaje": "Nuevo mensaje de invitado1",
        "url": "/AppFulbo/mensajes/conversacion/2/",
        "leido": true,
        "fecha_creacion": "2025-02-25T15:01:18.982Z"
    }
},
{
    "model": "AppFulbo.notificacion",
    "pk": 6,
    "fields": {
        "usuario": 34,
        "tipo": "MSG",
        "mensaje": "Nuevo mensaje de Poncha",
        "url": "/AppFulbo/mensajes/conversacion/2/",
        "leido": true,
        "fecha_creacion": "2025-02-25T17:39:04.894Z"
    }
},
{
    "model": "AppFulbo.notificacion",
    "pk": 7,
    "fields": {
        "usuario": 6,
        "tipo": "MSG",
        "mensaje": "Nuevo mensaje de invitado1",
        "url": "/AppFulbo/mensajes/conversacion/2/",
        "leido": true,
        "fecha_creacion": "2025-02-25T17:48:27.224Z"
    }
},
{
    "model": "AppFulbo.notificacion",
    "pk": 8,
    "fields": {
        "usuario": 6,
        "tipo": "MSG",
        "mensaje": "Nuevo mensaje de invitado1",
        "url": "/AppFulbo/mensajes/conversacion/2/",
        "leido": true,
        "fecha_creacion": "2025-02-25T17:49:40.719Z"
    }
},
{
    "model": "AppFulbo.notificacion",
    "pk": 9,
    "fields": {
        "usuario": 6,
        "tipo": "MSG",
        "mensaje": "Nuevo mensaje de invitado1",
        "url": "/AppFulbo/mensajes/conversacion/2/",
        "leido": true,
        "fecha_creacion": "2025-02-25T17:49:44.145Z"
    }
},
{
    "model": "AppFulbo.notificacion",
    "pk": 10,
    "fields": {
        "usuario": 6,
        "tipo": "MSG",
        "mensaje": "Nuevo mensaje de invitado1",
        "url": "/AppFulbo/mensajes/conversacion/2/",
        "leido": true,
        "fecha_creacion": "2025-02-25T17:49:46.255Z"
    }
},
{
    "model": "AppFulbo.notificacion",
    "pk": 11,
    "fields": {
        "usuario": 6,
        "tipo": "MSG",
        "mensaje": "Nuevo mensaje de invitado1",
        "url": "/AppFulbo/mensajes/conversacion/2/",
        "leido": true,
        "fecha_creacion": "2025-02-25T18:01:17.019Z"
    }
},
{
    "model": "AppFulbo.notificacion",
    "pk": 12,
    "fields": {
        "usuario": 34,
        "tipo": "MSG",
        "mensaje": "Nuevo mensaje de Poncha",
        "url": "/AppFulbo/mensajes/conversacion/2/",
        "leido": true,
        "fecha_creacion": "2025-02-25T18:06:45.706Z"
    }
},
{
    "model": "AppFulbo.notificacion",
    "pk": 13,
    "fields": {
        "usuario": 34,
        "tipo": "MSG",
        "mensaje": "Nuevo mensaje de Poncha",
        "url": "/AppFulbo/mensajes/conversacion/2/",
        "leido": true,
        "fecha_creacion": "2025-02-25T18:07:05.325Z"
    }
},
{
    "model": "AppFulbo.notificacion",
    "pk": 14,
    "fields": {
        "usuario": 34,
        "tipo": "MSG",
        "mensaje": "Nuevo mensaje de Poncha",
        "url": "/AppFulbo/mensajes/conversacion/2/",
        "leido": true,
        "fecha_creacion": "2025-02-25T18:07:21.190Z"
    }
},
{
    "model": "AppFulbo.notificacion",
    "pk": 15,
    "fields": {
        "usuario": 6,
        "tipo": "MSG",
        "mensaje": "Nuevo mensaje de invitado1",
        "url": "/AppFulbo/mensajes/conversacion/2/",
        "leido": true,
        "fecha_creacion": "2025-02-25T18:08:38.581Z"
    }
},
{
    "model": "AppFulbo.notificacion",
    "pk": 16,
    "fields": {
        "usuario": 6,
        "tipo": "MSG",
        "mensaje": "Nuevo mensaje de invitado1",
        "url": "/AppFulbo/mensajes/conversacion/2/",
        "leido": true,
        "fecha_creacion": "2025-02-25T18:08:44.699Z"
    }
},
{
    "model": "AppFulbo.notificacion",
    "pk": 17,
    "fields": {
        "usuario": 6,
        "tipo": "MSG",
        "mensaje": "Nuevo mensaje de invitado1",
        "url": "/AppFulbo/mensajes/conversacion/2/",
        "leido": true,
        "fecha_creacion": "2025-02-25T18:08:49.518Z"
    }
},
{
    "model": "AppFulbo.notificacion",
    "pk": 18,
    "fields": {
        "usuario": 6,
        "tipo": "MSG",
        "mensaje": "Nuevo mensaje de invitado1",
        "url": "/AppFulbo/mensajes/conversacion/2/",
        "leido": true,
        "fecha_creacion": "2025-02-25T18:08:51.473Z"
    }
},
{
    "model": "AppFulbo.notificacion",
    "pk": 19,
    "fields": {
        "usuario": 6,
        "tipo": "MSG",
        "mensaje": "Nuevo mensaje de invitado1",
        "url": "/AppFulbo/mensajes/conversacion/2/",
        "leido": true,
        "fecha_creacion": "2025-02-25T18:08:53.122Z"
    }
},
{
    "model": "AppFulbo.notificacion",
    "pk": 20,
    "fields": {
        "usuario": 6,
        "tipo": "MSG",
        "mensaje": "Nuevo mensaje de invitado1",
        "url": "/AppFulbo/mensajes/conversacion/2/",
        "leido": true,
        "fecha_creacion": "2025-02-25T18:08:55.014Z"
    }
},
{
    "model": "AppFulbo.notificacion",
    "pk": 21,
    "fields": {
        "usuario": 34,
        "tipo": "MSG",
        "mensaje": "Nuevo mensaje de Poncha",
        "url": "/AppFulbo/mensajes/conversacion/2/",
        "leido": true,
        "fecha_creacion": "2025-02-25T18:09:24.085Z"
    }
},
{
    "model": "AppFulbo.notificacion",
    "pk": 22,
    "fields": {
        "usuario": 34,
        "tipo": "MSG",
        "mensaje": "Nuevo mensaje de Poncha",
        "url": "/AppFulbo/mensajes/conversacion/2/",
        "leido": true,
        "fecha_creacion": "2025-02-25T18:09:30.176Z"
    }
},
{
    "model": "AppFulbo.notificacion",
    "pk": 23,
    "fields": {
        "usuario": 34,
        "tipo": "MSG",
        "mensaje": "Nuevo mensaje de Poncha",
        "url": "/AppFulbo/mensajes/conversacion/2/",
        "leido": true,
        "fecha_creacion": "2025-02-25T18:09:36.053Z"
    }
},
{
    "model": "AppFulbo.notificacion",
    "pk": 24,
    "fields": {
        "usuario": 6,
        "tipo": "MSG",
        "mensaje": "Nuevo mensaje de invitado1",
        "url": "/AppFulbo/mensajes/conversacion/2/",
        "leido": true,
        "fecha_creacion": "2025-02-25T18:09:46.460Z"
    }
},
{
    "model": "AppFulbo.notificacion",
    "pk": 25,
    "fields": {
        "usuario": 6,
        "tipo": "SOL",
        "mensaje": "Solicitud union: Poncha en Prueba abandono 2",
        "url": "/AppFulbo/ligas/20/",
        "leido": true,
        "fecha_creacion": "2025-03-01T05:40:49.454Z"
    }
},
{
    "model": "AppFulbo.notificacion",
    "pk": 26,
    "fields": {
        "usuario": 6,
        "tipo": "MSG",
        "mensaje": "Nuevo mensaje de invitado1",
        "url": "/AppFulbo/mensajes/conversacion/2/",
        "leido": true,
        "fecha_creacion": "2025-03-01T05:43:53.778Z"
    }
},
{
    "model": "AppFulbo.notificacion",
    "pk": 27,
    "fields": {
        "usuario": 6,
        "tipo": "MSG",
        "mensaje": "Nuevo mensaje de invitado1",
        "url": "/AppFulbo/mensajes/conversacion/2/",
        "leido": true,
        "fecha_creacion": "2025-03-01T05:44:51.196Z"
    }
},
{
    "model": "AppFulbo.notificacion",
    "pk": 28,
    "fields": {
        "usuario": 6,
        "tipo": "MSG",
        "mensaje": "Nuevo mensaje de invitado1",
        "url": "/AppFulbo/mensajes/conversacion/2/",
        "leido": true,
        "fecha_creacion": "2025-03-01T05:45:19.154Z"
    }
},
{
    "model": "AppFulbo.notificacion",
    "pk": 29,
    "fields": {
        "usuario": 6,
        "tipo": "MSG",
        "mensaje": "Nuevo mensaje de invitado1",
        "url": "/AppFulbo/mensajes/conversacion/2/",
        "leido": true,
        "fecha_creacion": "2025-03-01T05:45:27.798Z"
    }
},
{
    "model": "AppFulbo.notificacion",
    "pk": 30,
    "fields": {
        "usuario": 6,
        "tipo": "MSG",
        "mensaje": "Nuevo mensaje de invitado1",
        "url": "/AppFulbo/mensajes/conversacion/2/",
        "leido": true,
        "fecha_creacion": "2025-03-01T05:45:37.810Z"
    }
},
{
    "model": "AppFulbo.notificacion",
    "pk": 31,
    "fields": {
        "usuario": 34,
        "tipo": "MSG",
        "mensaje": "Nuevo mensaje de Poncha",
        "url": "/AppFulbo/mensajes/conversacion/2/",
        "leido": true,
        "fecha_creacion": "2025-03-01T05:45:47.940Z"
    }
},
{
    "model": "AppFulbo.notificacion",
    "pk": 32,
    "fields": {
        "usuario": 6,
        "tipo": "MSG",
        "mensaje": "Nuevo mensaje de invitado1",
        "url": "/AppFulbo/mensajes/conversacion/2/",
        "leido": true,
        "fecha_creacion": "2025-03-01T05:46:53.514Z"
    }
},
{
    "model": "AppFulbo.notificacion",
    "pk": 33,
    "fields": {
        "usuario": 6,
        "tipo": "MSG",
        "mensaje": "Nuevo mensaje de invitado1",
        "url": "/AppFulbo/mensajes/conversacion/2/",
        "leido": true,
        "fecha_creacion": "2025-03-01T05:47:14.896Z"
    }
},
{
    "model": "AppFulbo.notificacion",
    "pk": 34,
    "fields": {
        "usuario": 6,
        "tipo": "MSG",
        "mensaje": "Nuevo mensaje de invitado1",
        "url": "/AppFulbo/mensajes/conversacion/2/",
        "leido": true,
        "fecha_creacion": "2025-03-01T05:47:18.226Z"
    }
},
{
    "model": "AppFulbo.notificacion",
    "pk": 35,
    "fields": {
        "usuario": 6,
        "tipo": "SOL",
        "mensaje": "Solicitud union: Poncha en La liga de lancja",
        "url": "/AppFulbo/ligas/22/",
        "leido": true,
        "fecha_creacion": "2025-03-01T05:51:16.722Z"
    }
},
{
    "model": "AppFulbo.notificacion",
    "pk": 36,
    "fields": {
        "usuario": 34,
        "tipo": "SOL",
        "mensaje": "Solicitud union: Poncha en La liga de lancja",
        "url": "/AppFulbo/ligas/22/",
        "leido": true,
        "fecha_creacion": "2025-03-01T05:51:16.726Z"
    }
},
{
    "model": "AppFulbo.notificacion",
    "pk": 38,
    "fields": {
        "usuario": 34,
        "tipo": "SOL",
        "mensaje": "Solicitud union: Poncha en Prueba de solicitud",
        "url": "/AppFulbo/ligas/23/gestionar_solicitudes/",
        "leido": true,
        "fecha_creacion": "2025-03-02T20:33:16.683Z"
    }
},
{
    "model": "AppFulbo.notificacion",
    "pk": 39,
    "fields": {
        "usuario": 6,
        "tipo": "MSG",
        "mensaje": "Nuevo mensaje de invitado1",
        "url": "/AppFulbo/mensajes/conversacion/2/",
        "leido": true,
        "fecha_creacion": "2025-03-02T22:28:39.335Z"
    }
},
{
    "model": "AppFulbo.notificacion",
    "pk": 40,
    "fields": {
        "usuario": 6,
        "tipo": "SOL",
        "mensaje": "Solicitud union: Poncha en La liga de lancja",
        "url": "/AppFulbo/ligas/22/gestionar_solicitudes/",
        "leido": true,
        "fecha_creacion": "2025-03-03T23:16:28.468Z"
    }
},
{
    "model": "AppFulbo.notificacion",
    "pk": 41,
    "fields": {
        "usuario": 34,
        "tipo": "SOL",
        "mensaje": "Solicitud union: Poncha en La liga de lancja",
        "url": "/AppFulbo/ligas/22/gestionar_solicitudes/",
        "leido": true,
        "fecha_creacion": "2025-03-03T23:16:28.473Z"
    }
},
{
    "model": "AppFulbo.notificacion",
    "pk": 42,
    "fields": {
        "usuario": 6,
        "tipo": "MSG",
        "mensaje": "Nuevo mensaje de invitado1",
        "url": "/AppFulbo/mensajes/conversacion/2/",
        "leido": true,
        "fecha_creacion": "2025-03-03T23:16:39.809Z"
    }
},
{
    "model": "AppFulbo.notificacion",
    "pk": 43,
    "fields": {
        "usuario": 6,
        "tipo": "SOL",
        "mensaje": "Solicitud union: invitado1 en QQQQ",
        "url": "/AppFulbo/ligas/24/gestionar_solicitudes/",
        "leido": true,
        "fecha_creacion": "2025-03-03T23:32:31.739Z"
    }
},
{
    "model": "AppFulbo.notificacion",
    "pk": 44,
    "fields": {
        "usuario": 34,
        "tipo": "MSG",
        "mensaje": "Nuevo mensaje de Poncha",
        "url": "/AppFulbo/mensajes/conversacion/2/",
        "leido": true,
        "fecha_creacion": "2025-03-03T23:38:33.998Z"
    }
},
{
    "model": "AppFulbo.notificacion",
    "pk": 45,
    "fields": {
        "usuario": 6,
        "tipo": "PP",
        "mensaje": "Puntuacin de jugadores disponible",
        "url": "/AppFulbo/partido/15/puntuar/",
        "leido": true,
        "fecha_creacion": "2025-03-08T23:07:20.112Z"
    }
},
{
    "model": "AppFulbo.notificacion",
    "pk": 46,
    "fields": {
        "usuario": 34,
        "tipo": "PP",
        "mensaje": "Puntuacin de jugadores disponible",
        "url": "/AppFulbo/partido/15/puntuar/",
        "leido": true,
        "fecha_creacion": "2025-03-08T23:07:20.162Z"
    }
},
{
    "model": "AppFulbo.notificacion",
    "pk": 47,
    "fields": {
        "usuario": 6,
        "tipo": "PP",
        "mensaje": "Puntuacin de jugadores disponible",
        "url": "/AppFulbo/partido/16/",
        "leido": true,
        "fecha_creacion": "2025-03-09T15:26:03.106Z"
    }
},
{
    "model": "AppFulbo.notificacion",
    "pk": 48,
    "fields": {
        "usuario": 34,
        "tipo": "PP",
        "mensaje": "Puntuacin de jugadores disponible",
        "url": "/AppFulbo/partido/16/",
        "leido": true,
        "fecha_creacion": "2025-03-09T15:26:03.147Z"
    }
},
{
    "model": "AppFulbo.notificacion",
    "pk": 49,
    "fields": {
        "usuario": 6,
        "tipo": "PP",
        "mensaje": "Puntuacin de jugadores disponible",
        "url": "/AppFulbo/partido/17/",
        "leido": true,
        "fecha_creacion": "2025-03-10T22:01:08.643Z"
    }
},
{
    "model": "AppFulbo.notificacion",
    "pk": 50,
    "fields": {
        "usuario": 34,
        "tipo": "PP",
        "mensaje": "Puntuacin de jugadores disponible",
        "url": "/AppFulbo/partido/17/",
        "leido": true,
        "fecha_creacion": "2025-03-10T22:01:08.682Z"
    }
},
{
    "model": "AppFulbo.notificacion",
    "pk": 51,
    "fields": {
        "usuario": 6,
        "tipo": "PP",
        "mensaje": "Puntuacin de jugadores disponible",
        "url": "/AppFulbo/partido/18/",
        "leido": true,
        "fecha_creacion": "2025-03-12T03:38:15.800Z"
    }
},
{
    "model": "AppFulbo.notificacion",
    "pk": 52,
    "fields": {
        "usuario": 34,
        "tipo": "PP",
        "mensaje": "Puntuacin de jugadores disponible",
        "url": "/AppFulbo/partido/18/",
        "leido": true,
        "fecha_creacion": "2025-03-12T03:38:15.826Z"
    }
},
{
    "model": "AppFulbo.notificacion",
    "pk": 53,
    "fields": {
        "usuario": 6,
        "tipo": "PP",
        "mensaje": "Puntuacin de jugadores disponible",
        "url": "/AppFulbo/partido/20/",
        "leido": true,
        "fecha_creacion": "2025-03-12T03:45:20.846Z"
    }
},
{
    "model": "AppFulbo.notificacion",
    "pk": 54,
    "fields": {
        "usuario": 34,
        "tipo": "PP",
        "mensaje": "Puntuacin de jugadores disponible",
        "url": "/AppFulbo/partido/20/",
        "leido": true,
        "fecha_creacion": "2025-03-12T03:45:20.865Z"
    }
},
{
    "model": "AppFulbo.notificacion",
    "pk": 55,
    "fields": {
        "usuario": 6,
        "tipo": "PP",
        "mensaje": "Puntuacin de jugadores disponible",
        "url": "/AppFulbo/partido/21/",
        "leido": true,
        "fecha_creacion": "2025-03-12T03:48:24.126Z"
    }
},
{
    "model": "AppFulbo.notificacion",
    "pk": 56,
    "fields": {
        "usuario": 34,
        "tipo": "PP",
        "mensaje": "Puntuacin de jugadores disponible",
        "url": "/AppFulbo/partido/21/",
        "leido": true,
        "fecha_creacion": "2025-03-12T03:48:24.147Z"
    }
},
{
    "model": "AppFulbo.notificacion",
    "pk": 57,
    "fields": {
        "usuario": 6,
        "tipo": "PP",
        "mensaje": "Puntuacin de jugadores disponible",
        "url": "/AppFulbo/partido/22/",
        "leido": true,
        "fecha_creacion": "2025-03-12T03:50:56.083Z"
    }
},
{
    "model": "AppFulbo.notificacion",
    "pk": 58,
    "fields": {
        "usuario": 34,
        "tipo": "PP",
        "mensaje": "Puntuacin de jugadores disponible",
        "url": "/AppFulbo/partido/22/",
        "leido": true,
        "fecha_creacion": "2025-03-12T03:50:56.108Z"
    }
},
{
    "model": "AppFulbo.notificacion",
    "pk": 59,
    "fields": {
        "usuario": 6,
        "tipo": "PP",
        "mensaje": "Puntuacin de jugadores disponible",
        "url": "/AppFulbo/partido/23/",
        "leido": true,
        "fecha_creacion": "2025-03-12T03:54:17.462Z"
    }
},
{
    "model": "AppFulbo.notificacion",
    "pk": 60,
    "fields": {
        "usuario": 34,
        "tipo": "PP",
        "mensaje": "Puntuacin de jugadores disponible",
        "url": "/AppFulbo/partido/23/",
        "leido": true,
        "fecha_creacion": "2025-03-12T03:54:17.490Z"
    }
},
{
    "model": "AppFulbo.notificacion",
    "pk": 61,
    "fields": {
        "usuario": 6,
        "tipo": "SOL",
        "mensaje": "Solicitud union: oti en QQQQ",
        "url": "/AppFulbo/ligas/24/gestionar_solicitudes/",
        "leido": true,
        "fecha_creacion": "2025-03-12T03:55:58.896Z"
    }
},
{
    "model": "AppFulbo.notificacion",
    "pk": 62,
    "fields": {
        "usuario": 34,
        "tipo": "SOL",
        "mensaje": "Solicitud union: oti en QQQQ",
        "url": "/AppFulbo/ligas/24/gestionar_solicitudes/",
        "leido": true,
        "fecha_creacion": "2025-03-12T03:55:58.906Z"
    }
},
{
    "model": "AppFulbo.notificacion",
    "pk": 63,
    "fields": {
        "usuario": 35,
        "tipo": "MSG",
        "mensaje": "Nuevo mensaje de Poncha",
        "url": "/AppFulbo/mensajes/conversacion/3/",
        "leido": true,
        "fecha_creacion": "2025-03-12T03:56:12.508Z"
    }
},
{
    "model": "AppFulbo.notificacion",
    "pk": 64,
    "fields": {
        "usuario": 6,
        "tipo": "PP",
        "mensaje": "Puntuacin de jugadores disponible",
        "url": "/AppFulbo/partido/24/",
        "leido": true,
        "fecha_creacion": "2025-04-24T18:10:43.358Z"
    }
},
{
    "model": "AppFulbo.notificacion",
    "pk": 65,
    "fields": {
        "usuario": 6,
        "tipo": "SOL",
        "mensaje": "Solicitud union: invitado1 en prueba facu",
        "url": "/AppFulbo/ligas/25/gestionar_solicitudes/",
        "leido": true,
        "fecha_creacion": "2025-04-24T18:11:48.232Z"
    }
},
{
    "model": "AppFulbo.notificacion",
    "pk": 66,
    "fields": {
        "usuario": 6,
        "tipo": "SOL",
        "mensaje": "Solicitud union: AAAAAAA en prueba facu",
        "url": "/AppFulbo/ligas/25/gestionar_solicitudes/",
        "leido": true,
        "fecha_creacion": "2025-04-24T18:16:15.705Z"
    }
},
{
    "model": "AppFulbo.notificacion",
    "pk": 67,
    "fields": {
        "usuario": 34,
        "tipo": "MSG",
        "mensaje": "Nuevo mensaje de Poncha",
        "url": "/AppFulbo/mensajes/conversacion/2/",
        "leido": true,
        "fecha_creacion": "2025-04-24T18:16:35.515Z"
    }
},
{
    "model": "AppFulbo.notificacion",
    "pk": 68,
    "fields": {
        "usuario": 36,
        "tipo": "MSG",
        "mensaje": "Nuevo mensaje de Poncha",
        "url": "/AppFulbo/mensajes/conversacion/4/",
        "leido": true,
        "fecha_creacion": "2025-04-24T18:16:43.168Z"
    }
},
{
    "model": "AppFulbo.notificacion",
    "pk": 69,
    "fields": {
        "usuario": 6,
        "tipo": "PP",
        "mensaje": "Puntuacin de jugadores disponible",
        "url": "/AppFulbo/partido/25/",
        "leido": true,
        "fecha_creacion": "2025-04-24T18:18:31.041Z"
    }
},
{
    "model": "AppFulbo.notificacion",
    "pk": 70,
    "fields": {
        "usuario": 34,
        "tipo": "PP",
        "mensaje": "Puntuacin de jugadores disponible",
        "url": "/AppFulbo/partido/25/",
        "leido": true,
        "fecha_creacion": "2025-04-24T18:18:31.092Z"
    }
},
{
    "model": "AppFulbo.notificacion",
    "pk": 71,
    "fields": {
        "usuario": 36,
        "tipo": "PP",
        "mensaje": "Puntuacin de jugadores disponible",
        "url": "/AppFulbo/partido/25/",
        "leido": true,
        "fecha_creacion": "2025-04-24T18:18:31.140Z"
    }
},
{
    "model": "AppFulbo.notificacion",
    "pk": 72,
    "fields": {
        "usuario": 6,
        "tipo": "PP",
        "mensaje": "Puntuacin de jugadores disponible",
        "url": "/AppFulbo/partido/26/",
        "leido": true,
        "fecha_creacion": "2025-04-24T18:20:42.358Z"
    }
},
{
    "model": "AppFulbo.notificacion",
    "pk": 73,
    "fields": {
        "usuario": 36,
        "tipo": "PP",
        "mensaje": "Puntuacin de jugadores disponible",
        "url": "/AppFulbo/partido/26/",
        "leido": true,
        "fecha_creacion": "2025-04-24T18:20:42.410Z"
    }
},
{
    "model": "AppFulbo.notificacion",
    "pk": 74,
    "fields": {
        "usuario": 6,
        "tipo": "MSG",
        "mensaje": "Nuevo mensaje de invitado1",
        "url": "/AppFulbo/mensajes/conversacion/2/",
        "leido": true,
        "fecha_creacion": "2025-04-24T18:21:50.789Z"
    }
},
{
    "model": "AppFulbo.notificacion",
    "pk": 75,
    "fields": {
        "usuario": 34,
        "tipo": "MSG",
        "mensaje": "Nuevo mensaje de Poncha",
        "url": "/AppFulbo/mensajes/conversacion/2/",
        "leido": true,
        "fecha_creacion": "2025-04-24T18:22:07.159Z"
    }
},
{
    "model": "AppFulbo.notificacion",
    "pk": 76,
    "fields": {
        "usuario": 34,
        "tipo": "MSG",
        "mensaje": "Nuevo mensaje de Poncha",
        "url": "/AppFulbo/mensajes/conversacion/2/",
        "leido": true,
        "fecha_creacion": "2025-04-24T18:22:07.461Z"
    }
},
{
    "model": "AppFulbo.notificacion",
    "pk": 77,
    "fields": {
        "usuario": 34,
        "tipo": "MSG",
        "mensaje": "Nuevo mensaje de Poncha",
        "url": "/AppFulbo/mensajes/conversacion/2/",
        "leido": true,
        "fecha_creacion": "2025-04-24T18:22:09.770Z"
    }
},
{
    "model": "AppFulbo.notificacion",
    "pk": 78,
    "fields": {
        "usuario": 34,
        "tipo": "MSG",
        "mensaje": "Nuevo mensaje de Poncha",
        "url": "/AppFulbo/mensajes/conversacion/2/",
        "leido": true,
        "fecha_creacion": "2025-04-24T18:22:11.652Z"
    }
},
{
    "model": "AppFulbo.notificacion",
    "pk": 79,
    "fields": {
        "usuario": 34,
        "tipo": "MSG",
        "mensaje": "Nuevo mensaje de Poncha",
        "url": "/AppFulbo/mensajes/conversacion/2/",
        "leido": true,
        "fecha_creacion": "2025-04-24T18:22:13.754Z"
    }
},
{
    "model": "AppFulbo.notificacion",
    "pk": 80,
    "fields": {
        "usuario": 34,
        "tipo": "MSG",
        "mensaje": "Nuevo mensaje de Poncha",
        "url": "/AppFulbo/mensajes/conversacion/2/",
        "leido": true,
        "fecha_creacion": "2025-04-24T18:22:23.004Z"
    }
},
{
    "model": "AppFulbo.notificacion",
    "pk": 81,
    "fields": {
        "usuario": 34,
        "tipo": "MSG",
        "mensaje": "Nuevo mensaje de Poncha",
        "url": "/AppFulbo/mensajes/conversacion/2/",
        "leido": true,
        "fecha_creacion": "2025-04-24T18:22:28.015Z"
    }
},
{
    "model": "AppFulbo.notificacion",
    "pk": 82,
    "fields": {
        "usuario": 34,
        "tipo": "MSG",
        "mensaje": "Nuevo mensaje de Poncha",
        "url": "/AppFulbo/mensajes/conversacion/2/",
        "leido": true,
        "fecha_creacion": "2025-04-24T18:22:30.018Z"
    }
},
{
    "model": "AppFulbo.notificacion",
    "pk": 83,
    "fields": {
        "usuario": 34,
        "tipo": "MSG",
        "mensaje": "Nuevo mensaje de Poncha",
        "url": "/AppFulbo/mensajes/conversacion/2/",
        "leido": true,
        "fecha_creacion": "2025-04-24T18:22:32.057Z"
    }
},
{
    "model": "AppFulbo.notificacion",
    "pk": 84,
    "fields": {
        "usuario": 34,
        "tipo": "MSG",
        "mensaje": "Nuevo mensaje de Poncha",
        "url": "/AppFulbo/mensajes/conversacion/2/",
        "leido": true,
        "fecha_creacion": "2025-04-24T18:22:56.080Z"
    }
},
{
    "model": "AppFulbo.notificacion",
    "pk": 85,
    "fields": {
        "usuario": 6,
        "tipo": "MSG",
        "mensaje": "Nuevo mensaje de invitado1",
        "url": "/AppFulbo/mensajes/conversacion/2/",
        "leido": true,
        "fecha_creacion": "2025-04-24T18:24:09.659Z"
    }
},
{
    "model": "AppFulbo.notificacion",
    "pk": 86,
    "fields": {
        "usuario": 6,
        "tipo": "PP",
        "mensaje": "Puntuacin de jugadores disponible",
        "url": "/AppFulbo/partido/27/",
        "leido": true,
        "fecha_creacion": "2025-06-29T22:37:12.765Z"
    }
},
{
    "model": "AppFulbo.notificacion",
    "pk": 87,
    "fields": {
        "usuario": 34,
        "tipo": "PP",
        "mensaje": "Puntuacin de jugadores disponible",
        "url": "/AppFulbo/partido/27/",
        "leido": false,
        "fecha_creacion": "2025-06-29T22:37:12.792Z"
    }
},
{
    "model": "AppFulbo.notificacion",
    "pk": 88,
    "fields": {
        "usuario": 35,
        "tipo": "PP",
        "mensaje": "Puntuacin de jugadores disponible",
        "url": "/AppFulbo/partido/27/",
        "leido": false,
        "fecha_creacion": "2025-06-29T22:37:12.817Z"
    }
},
{
    "model": "AppFulbo.notificacion",
    "pk": 89,
    "fields": {
        "usuario": 4,
        "tipo": "PP",
        "mensaje": "Puntuacin de jugadores disponible",
        "url": "/AppFulbo/partido/27/",
        "leido": true,
        "fecha_creacion": "2025-06-29T22:37:12.845Z"
    }
},
{
    "model": "AppFulbo.notificacion",
    "pk": 90,
    "fields": {
        "usuario": 33,
        "tipo": "PP",
        "mensaje": "Puntuacin de jugadores disponible",
        "url": "/AppFulbo/partido/27/",
        "leido": false,
        "fecha_creacion": "2025-06-29T22:37:12.868Z"
    }
},
{
    "model": "AppFulbo.notificacion",
    "pk": 91,
    "fields": {
        "usuario": 6,
        "tipo": "PP",
        "mensaje": "Puntuacin de jugadores disponible",
        "url": "/AppFulbo/partido/28/",
        "leido": true,
        "fecha_creacion": "2025-06-29T22:51:01.128Z"
    }
},
{
    "model": "AppFulbo.notificacion",
    "pk": 92,
    "fields": {
        "usuario": 34,
        "tipo": "PP",
        "mensaje": "Puntuacin de jugadores disponible",
        "url": "/AppFulbo/partido/28/",
        "leido": false,
        "fecha_creacion": "2025-06-29T22:51:01.144Z"
    }
},
{
    "model": "AppFulbo.notificacion",
    "pk": 93,
    "fields": {
        "usuario": 35,
        "tipo": "PP",
        "mensaje": "Puntuacin de jugadores disponible",
        "url": "/AppFulbo/partido/28/",
        "leido": false,
        "fecha_creacion": "2025-06-29T22:51:01.163Z"
    }
},
{
    "model": "AppFulbo.notificacion",
    "pk": 94,
    "fields": {
        "usuario": 4,
        "tipo": "PP",
        "mensaje": "Puntuacin de jugadores disponible",
        "url": "/AppFulbo/partido/28/",
        "leido": true,
        "fecha_creacion": "2025-06-29T22:51:01.181Z"
    }
},
{
    "model": "AppFulbo.notificacion",
    "pk": 95,
    "fields": {
        "usuario": 33,
        "tipo": "PP",
        "mensaje": "Puntuacin de jugadores disponible",
        "url": "/AppFulbo/partido/28/",
        "leido": false,
        "fecha_creacion": "2025-06-29T22:51:01.194Z"
    }
},
{
    "model": "AppFulbo.notificacion",
    "pk": 96,
    "fields": {
        "usuario": 6,
        "tipo": "PP",
        "mensaje": "Puntuacin de jugadores disponible",
        "url": "/AppFulbo/partido/29/",
        "leido": true,
        "fecha_creacion": "2025-06-30T01:32:07.927Z"
    }
},
{
    "model": "AppFulbo.notificacion",
    "pk": 97,
    "fields": {
        "usuario": 34,
        "tipo": "PP",
        "mensaje": "Puntuacin de jugadores disponible",
        "url": "/AppFulbo/partido/29/",
        "leido": false,
        "fecha_creacion": "2025-06-30T01:32:07.960Z"
    }
},
{
    "model": "AppFulbo.notificacion",
    "pk": 98,
    "fields": {
        "usuario": 35,
        "tipo": "PP",
        "mensaje": "Puntuacin de jugadores disponible",
        "url": "/AppFulbo/partido/29/",
        "leido": false,
        "fecha_creacion": "2025-06-30T01:32:07.994Z"
    }
},
{
    "model": "AppFulbo.notificacion",
    "pk": 99,
    "fields": {
        "usuario": 4,
        "tipo": "PP",
        "mensaje": "Puntuacin de jugadores disponible",
        "url": "/AppFulbo/partido/29/",
        "leido": true,
        "fecha_creacion": "2025-06-30T01:32:08.024Z"
    }
},
{
    "model": "AppFulbo.notificacion",
    "pk": 100,
    "fields": {
        "usuario": 33,
        "tipo": "PP",
        "mensaje": "Puntuacin de jugadores disponible",
        "url": "/AppFulbo/partido/29/",
        "leido": false,
        "fecha_creacion": "2025-06-30T01:32:08.057Z"
    }
},
{
    "model": "AppFulbo.notificacion",
    "pk": 101,
    "fields": {
        "usuario": 38,
        "tipo": "PP",
        "mensaje": "Puntuacin de jugadores disponible",
        "url": "/AppFulbo/partido/29/",
        "leido": true,
        "fecha_creacion": "2025-06-30T01:32:08.084Z"
    }
},
{
    "model": "AppFulbo.notificacion",
    "pk": 102,
    "fields": {
        "usuario": 6,
        "tipo": "PP",
        "mensaje": "Puntuacin de jugadores disponible",
        "url": "/AppFulbo/partido/30/",
        "leido": true,
        "fecha_creacion": "2025-06-30T01:44:27.864Z"
    }
},
{
    "model": "AppFulbo.notificacion",
    "pk": 103,
    "fields": {
        "usuario": 34,
        "tipo": "PP",
        "mensaje": "Puntuacin de jugadores disponible",
        "url": "/AppFulbo/partido/30/",
        "leido": false,
        "fecha_creacion": "2025-06-30T01:44:27.896Z"
    }
},
{
    "model": "AppFulbo.notificacion",
    "pk": 104,
    "fields": {
        "usuario": 35,
        "tipo": "PP",
        "mensaje": "Puntuacin de jugadores disponible",
        "url": "/AppFulbo/partido/30/",
        "leido": false,
        "fecha_creacion": "2025-06-30T01:44:27.924Z"
    }
},
{
    "model": "AppFulbo.notificacion",
    "pk": 105,
    "fields": {
        "usuario": 4,
        "tipo": "PP",
        "mensaje": "Puntuacin de jugadores disponible",
        "url": "/AppFulbo/partido/30/",
        "leido": true,
        "fecha_creacion": "2025-06-30T01:44:27.958Z"
    }
},
{
    "model": "AppFulbo.notificacion",
    "pk": 106,
    "fields": {
        "usuario": 33,
        "tipo": "PP",
        "mensaje": "Puntuacin de jugadores disponible",
        "url": "/AppFulbo/partido/30/",
        "leido": false,
        "fecha_creacion": "2025-06-30T01:44:27.989Z"
    }
},
{
    "model": "AppFulbo.notificacion",
    "pk": 107,
    "fields": {
        "usuario": 38,
        "tipo": "PP",
        "mensaje": "Puntuacin de jugadores disponible",
        "url": "/AppFulbo/partido/30/",
        "leido": true,
        "fecha_creacion": "2025-06-30T01:44:28.021Z"
    }
},
{
    "model": "AppFulbo.notificacion",
    "pk": 108,
    "fields": {
        "usuario": 6,
        "tipo": "PP",
        "mensaje": "Puntuacin de jugadores disponible",
        "url": "/AppFulbo/partido/31/",
        "leido": false,
        "fecha_creacion": "2025-07-02T02:35:58.178Z"
    }
},
{
    "model": "AppFulbo.notificacion",
    "pk": 109,
    "fields": {
        "usuario": 34,
        "tipo": "PP",
        "mensaje": "Puntuacin de jugadores disponible",
        "url": "/AppFulbo/partido/31/",
        "leido": false,
        "fecha_creacion": "2025-07-02T02:35:58.189Z"
    }
},
{
    "model": "AppFulbo.notificacion",
    "pk": 110,
    "fields": {
        "usuario": 35,
        "tipo": "PP",
        "mensaje": "Puntuacin de jugadores disponible",
        "url": "/AppFulbo/partido/31/",
        "leido": false,
        "fecha_creacion": "2025-07-02T02:35:58.200Z"
    }
},
{
    "model": "AppFulbo.notificacion",
    "pk": 111,
    "fields": {
        "usuario": 4,
        "tipo": "PP",
        "mensaje": "Puntuacin de jugadores disponible",
        "url": "/AppFulbo/partido/31/",
        "leido": true,
        "fecha_creacion": "2025-07-02T02:35:58.213Z"
    }
},
{
    "model": "AppFulbo.notificacion",
    "pk": 112,
    "fields": {
        "usuario": 38,
        "tipo": "PP",
        "mensaje": "Puntuacin de jugadores disponible",
        "url": "/AppFulbo/partido/31/",
        "leido": true,
        "fecha_creacion": "2025-07-02T02:35:58.234Z"
    }
},
{
    "model": "AppFulbo.notificacion",
    "pk": 113,
    "fields": {
        "usuario": 6,
        "tipo": "PP",
        "mensaje": "Puntuacin de jugadores disponible",
        "url": "/AppFulbo/partido/32/",
        "leido": false,
        "fecha_creacion": "2025-07-02T02:36:47.619Z"
    }
},
{
    "model": "AppFulbo.notificacion",
    "pk": 114,
    "fields": {
        "usuario": 34,
        "tipo": "PP",
        "mensaje": "Puntuacin de jugadores disponible",
        "url": "/AppFulbo/partido/32/",
        "leido": false,
        "fecha_creacion": "2025-07-02T02:36:47.632Z"
    }
},
{
    "model": "AppFulbo.notificacion",
    "pk": 115,
    "fields": {
        "usuario": 35,
        "tipo": "PP",
        "mensaje": "Puntuacin de jugadores disponible",
        "url": "/AppFulbo/partido/32/",
        "leido": false,
        "fecha_creacion": "2025-07-02T02:36:47.643Z"
    }
},
{
    "model": "AppFulbo.notificacion",
    "pk": 116,
    "fields": {
        "usuario": 38,
        "tipo": "PP",
        "mensaje": "Puntuacin de jugadores disponible",
        "url": "/AppFulbo/partido/32/",
        "leido": true,
        "fecha_creacion": "2025-07-02T02:36:47.653Z"
    }
},
{
    "model": "AppFulbo.notificacion",
    "pk": 117,
    "fields": {
        "usuario": 1,
        "tipo": "PP",
        "mensaje": "Puntuacin de jugadores disponible",
        "url": "/AppFulbo/partido/32/",
        "leido": true,
        "fecha_creacion": "2025-07-02T02:36:47.665Z"
    }
},
{
    "model": "AppFulbo.notificacion",
    "pk": 118,
    "fields": {
        "usuario": 34,
        "tipo": "PP",
        "mensaje": "Puntuacin de jugadores disponible",
        "url": "/AppFulbo/partido/32/",
        "leido": false,
        "fecha_creacion": "2025-07-06T22:09:14.013Z"
    }
},
{
    "model": "AppFulbo.notificacion",
    "pk": 119,
    "fields": {
        "usuario": 35,
        "tipo": "PP",
        "mensaje": "Puntuacin de jugadores disponible",
        "url": "/AppFulbo/partido/32/",
        "leido": false,
        "fecha_creacion": "2025-07-06T22:09:14.032Z"
    }
},
{
    "model": "AppFulbo.notificacion",
    "pk": 120,
    "fields": {
        "usuario": 4,
        "tipo": "PP",
        "mensaje": "Puntuacin de jugadores disponible",
        "url": "/AppFulbo/partido/32/",
        "leido": false,
        "fecha_creacion": "2025-07-06T22:09:14.051Z"
    }
},
{
    "model": "AppFulbo.notificacion",
    "pk": 121,
    "fields": {
        "usuario": 38,
        "tipo": "PP",
        "mensaje": "Puntuacin de jugadores disponible",
        "url": "/AppFulbo/partido/32/",
        "leido": true,
        "fecha_creacion": "2025-07-06T22:09:14.071Z"
    }
},
{
    "model": "AppFulbo.notificacion",
    "pk": 122,
    "fields": {
        "usuario": 1,
        "tipo": "PP",
        "mensaje": "Puntuacin de jugadores disponible",
        "url": "/AppFulbo/partido/32/",
        "leido": true,
        "fecha_creacion": "2025-07-06T22:09:14.088Z"
    }
},
{
    "model": "AppFulbo.notificacion",
    "pk": 123,
    "fields": {
        "usuario": 34,
        "tipo": "PP",
        "mensaje": "Puntuacin de jugadores disponible",
        "url": "/AppFulbo/partido/32/",
        "leido": false,
        "fecha_creacion": "2025-07-06T22:09:27.484Z"
    }
},
{
    "model": "AppFulbo.notificacion",
    "pk": 124,
    "fields": {
        "usuario": 35,
        "tipo": "PP",
        "mensaje": "Puntuacin de jugadores disponible",
        "url": "/AppFulbo/partido/32/",
        "leido": false,
        "fecha_creacion": "2025-07-06T22:09:27.507Z"
    }
},
{
    "model": "AppFulbo.notificacion",
    "pk": 125,
    "fields": {
        "usuario": 4,
        "tipo": "PP",
        "mensaje": "Puntuacin de jugadores disponible",
        "url": "/AppFulbo/partido/32/",
        "leido": false,
        "fecha_creacion": "2025-07-06T22:09:27.528Z"
    }
},
{
    "model": "AppFulbo.notificacion",
    "pk": 126,
    "fields": {
        "usuario": 38,
        "tipo": "PP",
        "mensaje": "Puntuacin de jugadores disponible",
        "url": "/AppFulbo/partido/32/",
        "leido": true,
        "fecha_creacion": "2025-07-06T22:09:27.548Z"
    }
},
{
    "model": "AppFulbo.notificacion",
    "pk": 127,
    "fields": {
        "usuario": 1,
        "tipo": "PP",
        "mensaje": "Puntuacin de jugadores disponible",
        "url": "/AppFulbo/partido/32/",
        "leido": true,
        "fecha_creacion": "2025-07-06T22:09:27.564Z"
    }
},
{
    "model": "AppFulbo.notificacion",
    "pk": 128,
    "fields": {
        "usuario": 34,
        "tipo": "PP",
        "mensaje": "Puntuacin de jugadores disponible",
        "url": "/AppFulbo/partido/33/",
        "leido": false,
        "fecha_creacion": "2025-07-06T22:09:59.634Z"
    }
},
{
    "model": "AppFulbo.notificacion",
    "pk": 129,
    "fields": {
        "usuario": 35,
        "tipo": "PP",
        "mensaje": "Puntuacin de jugadores disponible",
        "url": "/AppFulbo/partido/33/",
        "leido": false,
        "fecha_creacion": "2025-07-06T22:09:59.653Z"
    }
},
{
    "model": "AppFulbo.notificacion",
    "pk": 130,
    "fields": {
        "usuario": 38,
        "tipo": "PP",
        "mensaje": "Puntuacin de jugadores disponible",
        "url": "/AppFulbo/partido/33/",
        "leido": true,
        "fecha_creacion": "2025-07-06T22:09:59.673Z"
    }
},
{
    "model": "AppFulbo.notificacion",
    "pk": 131,
    "fields": {
        "usuario": 6,
        "tipo": "PP",
        "mensaje": "Puntuacin de jugadores disponible",
        "url": "/AppFulbo/partido/33/",
        "leido": false,
        "fecha_creacion": "2025-07-06T22:09:59.689Z"
    }
},
{
    "model": "AppFulbo.notificacion",
    "pk": 132,
    "fields": {
        "usuario": 1,
        "tipo": "PP",
        "mensaje": "Puntuacin de jugadores disponible",
        "url": "/AppFulbo/partido/33/",
        "leido": true,
        "fecha_creacion": "2025-07-06T22:09:59.704Z"
    }
},
{
    "model": "AppFulbo.notificacion",
    "pk": 133,
    "fields": {
        "usuario": 34,
        "tipo": "PP",
        "mensaje": "Puntuacin de jugadores disponible",
        "url": "/AppFulbo/partido/31/",
        "leido": false,
        "fecha_creacion": "2025-07-06T22:13:46.786Z"
    }
},
{
    "model": "AppFulbo.notificacion",
    "pk": 134,
    "fields": {
        "usuario": 35,
        "tipo": "PP",
        "mensaje": "Puntuacin de jugadores disponible",
        "url": "/AppFulbo/partido/31/",
        "leido": false,
        "fecha_creacion": "2025-07-06T22:13:46.805Z"
    }
},
{
    "model": "AppFulbo.notificacion",
    "pk": 135,
    "fields": {
        "usuario": 4,
        "tipo": "PP",
        "mensaje": "Puntuacin de jugadores disponible",
        "url": "/AppFulbo/partido/31/",
        "leido": false,
        "fecha_creacion": "2025-07-06T22:13:46.821Z"
    }
},
{
    "model": "AppFulbo.notificacion",
    "pk": 136,
    "fields": {
        "usuario": 38,
        "tipo": "PP",
        "mensaje": "Puntuacin de jugadores disponible",
        "url": "/AppFulbo/partido/31/",
        "leido": true,
        "fecha_creacion": "2025-07-06T22:13:46.837Z"
    }
},
{
    "model": "AppFulbo.notificacion",
    "pk": 137,
    "fields": {
        "usuario": 34,
        "tipo": "PP",
        "mensaje": "Puntuacin de jugadores disponible",
        "url": "/AppFulbo/partido/34/",
        "leido": false,
        "fecha_creacion": "2025-07-10T17:17:46.263Z"
    }
},
{
    "model": "AppFulbo.notificacion",
    "pk": 138,
    "fields": {
        "usuario": 35,
        "tipo": "PP",
        "mensaje": "Puntuacin de jugadores disponible",
        "url": "/AppFulbo/partido/34/",
        "leido": false,
        "fecha_creacion": "2025-07-10T17:17:46.293Z"
    }
},
{
    "model": "AppFulbo.notificacion",
    "pk": 139,
    "fields": {
        "usuario": 4,
        "tipo": "PP",
        "mensaje": "Puntuacin de jugadores disponible",
        "url": "/AppFulbo/partido/34/",
        "leido": false,
        "fecha_creacion": "2025-07-10T17:17:46.317Z"
    }
},
{
    "model": "AppFulbo.notificacion",
    "pk": 140,
    "fields": {
        "usuario": 33,
        "tipo": "PP",
        "mensaje": "Puntuacin de jugadores disponible",
        "url": "/AppFulbo/partido/34/",
        "leido": false,
        "fecha_creacion": "2025-07-10T17:17:46.342Z"
    }
},
{
    "model": "AppFulbo.notificacion",
    "pk": 141,
    "fields": {
        "usuario": 38,
        "tipo": "PP",
        "mensaje": "Puntuacin de jugadores disponible",
        "url": "/AppFulbo/partido/34/",
        "leido": true,
        "fecha_creacion": "2025-07-10T17:17:46.371Z"
    }
},
{
    "model": "AppFulbo.notificacion",
    "pk": 142,
    "fields": {
        "usuario": 6,
        "tipo": "PP",
        "mensaje": "Puntuacin de jugadores disponible",
        "url": "/AppFulbo/partido/34/",
        "leido": false,
        "fecha_creacion": "2025-07-10T17:17:46.396Z"
    }
},
{
    "model": "AppFulbo.notificacion",
    "pk": 143,
    "fields": {
        "usuario": 1,
        "tipo": "PP",
        "mensaje": "Puntuacin de jugadores disponible",
        "url": "/AppFulbo/partido/34/",
        "leido": true,
        "fecha_creacion": "2025-07-10T17:17:46.420Z"
    }
},
{
    "model": "AppFulbo.notificacion",
    "pk": 144,
    "fields": {
        "usuario": 43,
        "tipo": "PP",
        "mensaje": "Puntuacin de jugadores disponible",
        "url": "/AppFulbo/partido/34/",
        "leido": false,
        "fecha_creacion": "2025-07-10T17:17:46.477Z"
    }
},
{
    "model": "AppFulbo.notificacion",
    "pk": 145,
    "fields": {
        "usuario": 40,
        "tipo": "PP",
        "mensaje": "Puntuacin de jugadores disponible",
        "url": "/AppFulbo/partido/34/",
        "leido": false,
        "fecha_creacion": "2025-07-10T17:17:46.497Z"
    }
},
{
    "model": "AppFulbo.notificacion",
    "pk": 146,
    "fields": {
        "usuario": 4,
        "tipo": "PP",
        "mensaje": "Puntuacin de jugadores disponible",
        "url": "/AppFulbo/partido/35/",
        "leido": false,
        "fecha_creacion": "2025-08-31T21:53:31.431Z"
    }
},
{
    "model": "AppFulbo.notificacion",
    "pk": 147,
    "fields": {
        "usuario": 33,
        "tipo": "PP",
        "mensaje": "Puntuacin de jugadores disponible",
        "url": "/AppFulbo/partido/35/",
        "leido": false,
        "fecha_creacion": "2025-08-31T21:53:31.442Z"
    }
},
{
    "model": "AppFulbo.notificacion",
    "pk": 148,
    "fields": {
        "usuario": 38,
        "tipo": "PP",
        "mensaje": "Puntuacin de jugadores disponible",
        "url": "/AppFulbo/partido/35/",
        "leido": false,
        "fecha_creacion": "2025-08-31T21:53:31.450Z"
    }
},
{
    "model": "AppFulbo.notificacion",
    "pk": 149,
    "fields": {
        "usuario": 6,
        "tipo": "PP",
        "mensaje": "Puntuacin de jugadores disponible",
        "url": "/AppFulbo/partido/35/",
        "leido": false,
        "fecha_creacion": "2025-08-31T21:53:31.460Z"
    }
},
{
    "model": "AppFulbo.notificacion",
    "pk": 150,
    "fields": {
        "usuario": 1,
        "tipo": "PP",
        "mensaje": "Puntuacin de jugadores disponible",
        "url": "/AppFulbo/partido/35/",
        "leido": false,
        "fecha_creacion": "2025-08-31T21:53:31.470Z"
    }
},
{
    "model": "AppFulbo.notificacion",
    "pk": 151,
    "fields": {
        "usuario": 40,
        "tipo": "PP",
        "mensaje": "Puntuacin de jugadores disponible",
        "url": "/AppFulbo/partido/35/",
        "leido": false,
        "fecha_creacion": "2025-08-31T21:53:31.480Z"
    }
},
{
    "model": "AppFulbo.solicitudunionliga",
    "pk": 1,
    "fields": {
        "usuario": 6,
        "liga": 1,
        "fecha_solicitud": "2025-03-01T02:04:34.538Z"
    }
},
{
    "model": "AppFulbo.solicitudunionliga",
    "pk": 2,
    "fields": {
        "usuario": 6,
        "liga": 5,
        "fecha_solicitud": "2025-03-01T02:06:37.934Z"
    }
},
{
    "model": "AppFulbo.solicitudunionliga",
    "pk": 3,
    "fields": {
        "usuario": 6,
        "liga": 2,
        "fecha_solicitud": "2025-03-01T02:11:51.291Z"
    }
},
{
    "model": "AppFulbo.solicitudunionliga",
    "pk": 4,
    "fields": {
        "usuario": 6,
        "liga": 7,
        "fecha_solicitud": "2025-03-01T03:23:53.118Z"
    }
},
{
    "model": "AppFulbo.solicitudunionliga",
    "pk": 5,
    "fields": {
        "usuario": 6,
        "liga": 6,
        "fecha_solicitud": "2025-03-01T03:24:31.485Z"
    }
},
{
    "model": "AppFulbo.solicitudunionliga",
    "pk": 6,
    "fields": {
        "usuario": 6,
        "liga": 18,
        "fecha_solicitud": "2025-03-01T05:39:41.270Z"
    }
},
{
    "model": "AppFulbo.solicitudunionliga",
    "pk": 13,
    "fields": {
        "usuario": 6,
        "liga": 11,
        "fecha_solicitud": "2025-03-12T03:37:36.561Z"
    }
},
{
    "model": "tracking.company",
    "pk": 8,
    "fields": {
        "name": "Logistica La Plata S.A.",
        "created_at": "2026-02-09T04:17:49.172Z",
        "logo": ""
    }
},
{
    "model": "tracking.fueltype",
    "pk": 15,
    "fields": {
        "name": "Diesel Premium YPF",
        "price_per_liter": "1150.50",
        "company": 8
    }
},
{
    "model": "tracking.fueltype",
    "pk": 16,
    "fields": {
        "name": "Nafta Super Shell",
        "price_per_liter": "980.00",
        "company": 8
    }
},
{
    "model": "tracking.device",
    "pk": 15,
    "fields": {
        "name": "Camin Scania 450",
        "imei": "123456789012345",
        "device_type": "truck",
        "company": 8,
        "fuel_type": 15,
        "is_online": true,
        "last_update": "2026-02-09T04:46:34.830Z",
        "allowed_users": [
            46
        ]
    }
},
{
    "model": "tracking.device",
    "pk": 16,
    "fields": {
        "name": "Flota Gol Trend",
        "imei": "987654321098765",
        "device_type": "car",
        "company": 8,
        "fuel_type": 16,
        "is_online": true,
        "last_update": "2026-02-09T04:46:28.824Z",
        "allowed_users": [
            46
        ]
    }
},
{
    "model": "tracking.employee",
    "pk": 8,
    "fields": {
        "user": 46,
        "company": 8,
        "can_assign": true
    }
},
{
    "model": "tracking.telemetry",
    "pk": 351,
    "fields": {
        "device": 15,
        "timestamp": "2026-02-09T04:17:49.193Z",
        "latitude": -34.9214,
        "longitude": -57.95595978066478,
        "speed": 49.0,
        "ignition": true,
        "odometer": 10000.0,
        "fuel_level": 75.5,
        "battery_voltage": null
    }
},
{
    "model": "tracking.telemetry",
    "pk": 352,
    "fields": {
        "device": 15,
        "timestamp": "2026-02-09T04:15:49.193Z",
        "latitude": -34.9114,
        "longitude": -57.95807057525226,
        "speed": 75.0,
        "ignition": true,
        "odometer": 10002.0,
        "fuel_level": 75.5,
        "battery_voltage": null
    }
},
{
    "model": "tracking.telemetry",
    "pk": 353,
    "fields": {
        "device": 15,
        "timestamp": "2026-02-09T04:13:49.193Z",
        "latitude": -34.901399999999995,
        "longitude": -57.94670481811614,
        "speed": 25.0,
        "ignition": true,
        "odometer": 10004.0,
        "fuel_level": 75.5,
        "battery_voltage": null
    }
},
{
    "model": "tracking.telemetry",
    "pk": 354,
    "fields": {
        "device": 15,
        "timestamp": "2026-02-09T04:11:49.193Z",
        "latitude": -34.8914,
        "longitude": -57.944852613782395,
        "speed": 38.0,
        "ignition": true,
        "odometer": 10006.0,
        "fuel_level": 75.5,
        "battery_voltage": null
    }
},
{
    "model": "tracking.telemetry",
    "pk": 355,
    "fields": {
        "device": 15,
        "timestamp": "2026-02-09T04:09:49.193Z",
        "latitude": -34.8814,
        "longitude": -57.959333360654455,
        "speed": 80.0,
        "ignition": true,
        "odometer": 10008.0,
        "fuel_level": 75.5,
        "battery_voltage": null
    }
},
{
    "model": "tracking.telemetry",
    "pk": 356,
    "fields": {
        "device": 15,
        "timestamp": "2026-02-09T04:07:49.193Z",
        "latitude": -34.8714,
        "longitude": -57.94984813446351,
        "speed": 39.0,
        "ignition": true,
        "odometer": 10010.0,
        "fuel_level": 75.5,
        "battery_voltage": null
    }
},
{
    "model": "tracking.telemetry",
    "pk": 357,
    "fields": {
        "device": 15,
        "timestamp": "2026-02-09T04:05:49.193Z",
        "latitude": -34.861399999999996,
        "longitude": -57.94716659290536,
        "speed": 27.0,
        "ignition": true,
        "odometer": 10012.0,
        "fuel_level": 75.5,
        "battery_voltage": null
    }
},
{
    "model": "tracking.telemetry",
    "pk": 358,
    "fields": {
        "device": 15,
        "timestamp": "2026-02-09T04:03:49.193Z",
        "latitude": -34.8514,
        "longitude": -57.95908127956206,
        "speed": 57.0,
        "ignition": true,
        "odometer": 10014.0,
        "fuel_level": 75.5,
        "battery_voltage": null
    }
},
{
    "model": "tracking.telemetry",
    "pk": 359,
    "fields": {
        "device": 15,
        "timestamp": "2026-02-09T04:01:49.193Z",
        "latitude": -34.8414,
        "longitude": -57.96444132504802,
        "speed": 72.0,
        "ignition": true,
        "odometer": 10016.0,
        "fuel_level": 75.5,
        "battery_voltage": null
    }
},
{
    "model": "tracking.telemetry",
    "pk": 360,
    "fields": {
        "device": 15,
        "timestamp": "2026-02-09T03:59:49.193Z",
        "latitude": -34.831399999999995,
        "longitude": -57.95173517380351,
        "speed": 80.0,
        "ignition": true,
        "odometer": 10018.0,
        "fuel_level": 75.5,
        "battery_voltage": null
    }
},
{
    "model": "tracking.telemetry",
    "pk": 361,
    "fields": {
        "device": 15,
        "timestamp": "2026-02-09T03:57:49.193Z",
        "latitude": -34.8214,
        "longitude": -57.94751920616806,
        "speed": 58.0,
        "ignition": true,
        "odometer": 10020.0,
        "fuel_level": 75.5,
        "battery_voltage": null
    }
},
{
    "model": "tracking.telemetry",
    "pk": 362,
    "fields": {
        "device": 15,
        "timestamp": "2026-02-09T03:55:49.193Z",
        "latitude": -34.8114,
        "longitude": -57.94481535073516,
        "speed": 69.0,
        "ignition": true,
        "odometer": 10022.0,
        "fuel_level": 75.5,
        "battery_voltage": null
    }
},
{
    "model": "tracking.telemetry",
    "pk": 363,
    "fields": {
        "device": 15,
        "timestamp": "2026-02-09T03:53:49.193Z",
        "latitude": -34.8014,
        "longitude": -57.95633337584713,
        "speed": 30.0,
        "ignition": true,
        "odometer": 10024.0,
        "fuel_level": 75.5,
        "battery_voltage": null
    }
},
{
    "model": "tracking.telemetry",
    "pk": 364,
    "fields": {
        "device": 15,
        "timestamp": "2026-02-09T03:51:49.193Z",
        "latitude": -34.791399999999996,
        "longitude": -57.95310807651265,
        "speed": 58.0,
        "ignition": true,
        "odometer": 10026.0,
        "fuel_level": 75.5,
        "battery_voltage": null
    }
},
{
    "model": "tracking.telemetry",
    "pk": 365,
    "fields": {
        "device": 15,
        "timestamp": "2026-02-09T03:49:49.193Z",
        "latitude": -34.7814,
        "longitude": -57.951879463881276,
        "speed": 21.0,
        "ignition": true,
        "odometer": 10028.0,
        "fuel_level": 75.5,
        "battery_voltage": null
    }
},
{
    "model": "tracking.telemetry",
    "pk": 366,
    "fields": {
        "device": 15,
        "timestamp": "2026-02-09T03:47:49.193Z",
        "latitude": -34.7714,
        "longitude": -57.95782367365711,
        "speed": 38.0,
        "ignition": true,
        "odometer": 10030.0,
        "fuel_level": 75.5,
        "battery_voltage": null
    }
},
{
    "model": "tracking.telemetry",
    "pk": 367,
    "fields": {
        "device": 15,
        "timestamp": "2026-02-09T03:45:49.193Z",
        "latitude": -34.7614,
        "longitude": -57.95400659831861,
        "speed": 47.0,
        "ignition": true,
        "odometer": 10032.0,
        "fuel_level": 75.5,
        "battery_voltage": null
    }
},
{
    "model": "tracking.telemetry",
    "pk": 368,
    "fields": {
        "device": 15,
        "timestamp": "2026-02-09T03:43:49.193Z",
        "latitude": -34.7514,
        "longitude": -57.95211781557108,
        "speed": 73.0,
        "ignition": true,
        "odometer": 10034.0,
        "fuel_level": 75.5,
        "battery_voltage": null
    }
},
{
    "model": "tracking.telemetry",
    "pk": 369,
    "fields": {
        "device": 15,
        "timestamp": "2026-02-09T03:41:49.193Z",
        "latitude": -34.7414,
        "longitude": -57.953542970477805,
        "speed": 74.0,
        "ignition": true,
        "odometer": 10036.0,
        "fuel_level": 75.5,
        "battery_voltage": null
    }
},
{
    "model": "tracking.telemetry",
    "pk": 370,
    "fields": {
        "device": 15,
        "timestamp": "2026-02-09T03:39:49.193Z",
        "latitude": -34.7314,
        "longitude": -57.95763869067393,
        "speed": 62.0,
        "ignition": true,
        "odometer": 10038.0,
        "fuel_level": 75.5,
        "battery_voltage": null
    }
},
{
    "model": "tracking.telemetry",
    "pk": 371,
    "fields": {
        "device": 15,
        "timestamp": "2026-02-09T03:37:49.193Z",
        "latitude": -34.721399999999996,
        "longitude": -57.952633731774434,
        "speed": 31.0,
        "ignition": true,
        "odometer": 10040.0,
        "fuel_level": 75.5,
        "battery_voltage": null
    }
},
{
    "model": "tracking.telemetry",
    "pk": 372,
    "fields": {
        "device": 15,
        "timestamp": "2026-02-09T03:35:49.193Z",
        "latitude": -34.7114,
        "longitude": -57.9634238342092,
        "speed": 24.0,
        "ignition": true,
        "odometer": 10042.0,
        "fuel_level": 75.5,
        "battery_voltage": null
    }
},
{
    "model": "tracking.telemetry",
    "pk": 373,
    "fields": {
        "device": 15,
        "timestamp": "2026-02-09T03:33:49.193Z",
        "latitude": -34.7014,
        "longitude": -57.94477107735251,
        "speed": 79.0,
        "ignition": true,
        "odometer": 10044.0,
        "fuel_level": 75.5,
        "battery_voltage": null
    }
},
{
    "model": "tracking.telemetry",
    "pk": 374,
    "fields": {
        "device": 15,
        "timestamp": "2026-02-09T03:31:49.193Z",
        "latitude": -34.6914,
        "longitude": -57.946772190696095,
        "speed": 80.0,
        "ignition": true,
        "odometer": 10046.0,
        "fuel_level": 75.5,
        "battery_voltage": null
    }
},
{
    "model": "tracking.telemetry",
    "pk": 375,
    "fields": {
        "device": 15,
        "timestamp": "2026-02-09T03:29:49.193Z",
        "latitude": -34.6814,
        "longitude": -57.95823116174973,
        "speed": 45.0,
        "ignition": true,
        "odometer": 10048.0,
        "fuel_level": 75.5,
        "battery_voltage": null
    }
},
{
    "model": "tracking.telemetry",
    "pk": 376,
    "fields": {
        "device": 15,
        "timestamp": "2026-02-09T03:27:49.193Z",
        "latitude": -34.6714,
        "longitude": -57.96087325727215,
        "speed": 34.0,
        "ignition": true,
        "odometer": 10050.0,
        "fuel_level": 75.5,
        "battery_voltage": null
    }
},
{
    "model": "tracking.telemetry",
    "pk": 377,
    "fields": {
        "device": 15,
        "timestamp": "2026-02-09T03:25:49.193Z",
        "latitude": -34.6614,
        "longitude": -57.95084785433389,
        "speed": 70.0,
        "ignition": true,
        "odometer": 10052.0,
        "fuel_level": 75.5,
        "battery_voltage": null
    }
},
{
    "model": "tracking.telemetry",
    "pk": 378,
    "fields": {
        "device": 15,
        "timestamp": "2026-02-09T03:23:49.193Z",
        "latitude": -34.651399999999995,
        "longitude": -57.953073281015676,
        "speed": 65.0,
        "ignition": true,
        "odometer": 10054.0,
        "fuel_level": 75.5,
        "battery_voltage": null
    }
},
{
    "model": "tracking.telemetry",
    "pk": 379,
    "fields": {
        "device": 15,
        "timestamp": "2026-02-09T03:21:49.193Z",
        "latitude": -34.6414,
        "longitude": -57.951326356728636,
        "speed": 40.0,
        "ignition": true,
        "odometer": 10056.0,
        "fuel_level": 75.5,
        "battery_voltage": null
    }
},
{
    "model": "tracking.telemetry",
    "pk": 380,
    "fields": {
        "device": 15,
        "timestamp": "2026-02-09T03:19:49.193Z",
        "latitude": -34.6314,
        "longitude": -57.948379344002056,
        "speed": 62.0,
        "ignition": true,
        "odometer": 10058.0,
        "fuel_level": 75.5,
        "battery_voltage": null
    }
},
{
    "model": "tracking.telemetry",
    "pk": 381,
    "fields": {
        "device": 15,
        "timestamp": "2026-02-09T03:17:49.193Z",
        "latitude": -34.6214,
        "longitude": -57.961606432223775,
        "speed": 63.0,
        "ignition": true,
        "odometer": 10060.0,
        "fuel_level": 75.5,
        "battery_voltage": null
    }
},
{
    "model": "tracking.telemetry",
    "pk": 382,
    "fields": {
        "device": 15,
        "timestamp": "2026-02-09T03:15:49.193Z",
        "latitude": -34.611399999999996,
        "longitude": -57.961913194106735,
        "speed": 79.0,
        "ignition": true,
        "odometer": 10062.0,
        "fuel_level": 75.5,
        "battery_voltage": null
    }
},
{
    "model": "tracking.telemetry",
    "pk": 383,
    "fields": {
        "device": 15,
        "timestamp": "2026-02-09T03:13:49.193Z",
        "latitude": -34.6014,
        "longitude": -57.95799577319113,
        "speed": 66.0,
        "ignition": true,
        "odometer": 10064.0,
        "fuel_level": 75.5,
        "battery_voltage": null
    }
},
{
    "model": "tracking.telemetry",
    "pk": 384,
    "fields": {
        "device": 15,
        "timestamp": "2026-02-09T03:11:49.193Z",
        "latitude": -34.5914,
        "longitude": -57.94718298059114,
        "speed": 45.0,
        "ignition": true,
        "odometer": 10066.0,
        "fuel_level": 75.5,
        "battery_voltage": null
    }
},
{
    "model": "tracking.telemetry",
    "pk": 385,
    "fields": {
        "device": 15,
        "timestamp": "2026-02-09T03:09:49.193Z",
        "latitude": -34.581399999999995,
        "longitude": -57.95370061878537,
        "speed": 60.0,
        "ignition": true,
        "odometer": 10068.0,
        "fuel_level": 75.5,
        "battery_voltage": null
    }
},
{
    "model": "tracking.telemetry",
    "pk": 386,
    "fields": {
        "device": 15,
        "timestamp": "2026-02-09T03:07:49.193Z",
        "latitude": -34.5714,
        "longitude": -57.95709036347054,
        "speed": 22.0,
        "ignition": true,
        "odometer": 10070.0,
        "fuel_level": 75.5,
        "battery_voltage": null
    }
},
{
    "model": "tracking.telemetry",
    "pk": 387,
    "fields": {
        "device": 15,
        "timestamp": "2026-02-09T03:05:49.193Z",
        "latitude": -34.5614,
        "longitude": -57.963934683498486,
        "speed": 74.0,
        "ignition": true,
        "odometer": 10072.0,
        "fuel_level": 75.5,
        "battery_voltage": null
    }
},
{
    "model": "tracking.telemetry",
    "pk": 388,
    "fields": {
        "device": 15,
        "timestamp": "2026-02-09T03:03:49.193Z",
        "latitude": -34.5514,
        "longitude": -57.95123092986959,
        "speed": 47.0,
        "ignition": true,
        "odometer": 10074.0,
        "fuel_level": 75.5,
        "battery_voltage": null
    }
},
{
    "model": "tracking.telemetry",
    "pk": 389,
    "fields": {
        "device": 15,
        "timestamp": "2026-02-09T03:01:49.193Z",
        "latitude": -34.541399999999996,
        "longitude": -57.947500868157505,
        "speed": 29.0,
        "ignition": true,
        "odometer": 10076.0,
        "fuel_level": 75.5,
        "battery_voltage": null
    }
},
{
    "model": "tracking.telemetry",
    "pk": 390,
    "fields": {
        "device": 15,
        "timestamp": "2026-02-09T02:59:49.193Z",
        "latitude": -34.5314,
        "longitude": -57.95029739164921,
        "speed": 61.0,
        "ignition": true,
        "odometer": 10078.0,
        "fuel_level": 75.5,
        "battery_voltage": null
    }
},
{
    "model": "tracking.telemetry",
    "pk": 391,
    "fields": {
        "device": 15,
        "timestamp": "2026-02-09T02:57:49.193Z",
        "latitude": -34.5214,
        "longitude": -57.95472826785279,
        "speed": 0.0,
        "ignition": false,
        "odometer": 10080.0,
        "fuel_level": 75.5,
        "battery_voltage": null
    }
},
{
    "model": "tracking.telemetry",
    "pk": 392,
    "fields": {
        "device": 15,
        "timestamp": "2026-02-09T02:55:49.193Z",
        "latitude": -34.5114,
        "longitude": -57.95665261908846,
        "speed": 0.0,
        "ignition": false,
        "odometer": 10082.0,
        "fuel_level": 75.5,
        "battery_voltage": null
    }
},
{
    "model": "tracking.telemetry",
    "pk": 393,
    "fields": {
        "device": 15,
        "timestamp": "2026-02-09T02:53:49.193Z",
        "latitude": -34.5014,
        "longitude": -57.94681621527749,
        "speed": 0.0,
        "ignition": false,
        "odometer": 10084.0,
        "fuel_level": 75.5,
        "battery_voltage": null
    }
},
{
    "model": "tracking.telemetry",
    "pk": 394,
    "fields": {
        "device": 15,
        "timestamp": "2026-02-09T02:51:49.193Z",
        "latitude": -34.4914,
        "longitude": -57.95810840999243,
        "speed": 0.0,
        "ignition": false,
        "odometer": 10086.0,
        "fuel_level": 75.5,
        "battery_voltage": null
    }
},
{
    "model": "tracking.telemetry",
    "pk": 395,
    "fields": {
        "device": 15,
        "timestamp": "2026-02-09T02:49:49.193Z",
        "latitude": -34.4814,
        "longitude": -57.964002024416246,
        "speed": 0.0,
        "ignition": false,
        "odometer": 10088.0,
        "fuel_level": 75.5,
        "battery_voltage": null
    }
},
{
    "model": "tracking.telemetry",
    "pk": 396,
    "fields": {
        "device": 15,
        "timestamp": "2026-02-09T02:47:49.193Z",
        "latitude": -34.471399999999996,
        "longitude": -57.95999473048646,
        "speed": 0.0,
        "ignition": false,
        "odometer": 10090.0,
        "fuel_level": 75.5,
        "battery_voltage": null
    }
},
{
    "model": "tracking.telemetry",
    "pk": 397,
    "fields": {
        "device": 15,
        "timestamp": "2026-02-09T02:45:49.193Z",
        "latitude": -34.4614,
        "longitude": -57.958807644814605,
        "speed": 0.0,
        "ignition": false,
        "odometer": 10092.0,
        "fuel_level": 75.5,
        "battery_voltage": null
    }
},
{
    "model": "tracking.telemetry",
    "pk": 398,
    "fields": {
        "device": 15,
        "timestamp": "2026-02-09T02:43:49.193Z",
        "latitude": -34.4514,
        "longitude": -57.95633364435888,
        "speed": 0.0,
        "ignition": false,
        "odometer": 10094.0,
        "fuel_level": 75.5,
        "battery_voltage": null
    }
},
{
    "model": "tracking.telemetry",
    "pk": 399,
    "fields": {
        "device": 15,
        "timestamp": "2026-02-09T02:41:49.193Z",
        "latitude": -34.4414,
        "longitude": -57.962281634338524,
        "speed": 0.0,
        "ignition": false,
        "odometer": 10096.0,
        "fuel_level": 75.5,
        "battery_voltage": null
    }
},
{
    "model": "tracking.telemetry",
    "pk": 400,
    "fields": {
        "device": 15,
        "timestamp": "2026-02-09T02:39:49.193Z",
        "latitude": -34.4314,
        "longitude": -57.95282597501734,
        "speed": 0.0,
        "ignition": false,
        "odometer": 10098.0,
        "fuel_level": 75.5,
        "battery_voltage": null
    }
},
{
    "model": "tracking.telemetry",
    "pk": 401,
    "fields": {
        "device": 15,
        "timestamp": "2026-02-09T04:24:22.438Z",
        "latitude": -34.92084244159357,
        "longitude": -57.95491903185232,
        "speed": 44.0,
        "ignition": true,
        "odometer": 150000.5,
        "fuel_level": 94.9,
        "battery_voltage": 23.66
    }
},
{
    "model": "tracking.telemetry",
    "pk": 402,
    "fields": {
        "device": 15,
        "timestamp": "2026-02-09T04:24:27.444Z",
        "latitude": -34.92036533427203,
        "longitude": -57.955341254468514,
        "speed": 51.0,
        "ignition": true,
        "odometer": 150001.0,
        "fuel_level": 94.80000000000001,
        "battery_voltage": 23.69
    }
},
{
    "model": "tracking.telemetry",
    "pk": 403,
    "fields": {
        "device": 15,
        "timestamp": "2026-02-09T04:24:32.453Z",
        "latitude": -34.919952602557906,
        "longitude": -57.95588082750035,
        "speed": 66.0,
        "ignition": true,
        "odometer": 150001.5,
        "fuel_level": 94.70000000000002,
        "battery_voltage": 24.07
    }
},
{
    "model": "tracking.telemetry",
    "pk": 404,
    "fields": {
        "device": 15,
        "timestamp": "2026-02-09T04:24:37.461Z",
        "latitude": -34.91947024606615,
        "longitude": -57.95635740881789,
        "speed": 48.0,
        "ignition": true,
        "odometer": 150002.0,
        "fuel_level": 94.60000000000002,
        "battery_voltage": 23.52
    }
},
{
    "model": "tracking.telemetry",
    "pk": 405,
    "fields": {
        "device": 15,
        "timestamp": "2026-02-09T04:24:42.469Z",
        "latitude": -34.91898719998449,
        "longitude": -57.95695477266395,
        "speed": 51.0,
        "ignition": true,
        "odometer": 150002.5,
        "fuel_level": 94.50000000000003,
        "battery_voltage": 23.78
    }
},
{
    "model": "tracking.telemetry",
    "pk": 406,
    "fields": {
        "device": 15,
        "timestamp": "2026-02-09T04:24:47.477Z",
        "latitude": -34.918567977086205,
        "longitude": -57.95745283576333,
        "speed": 80.0,
        "ignition": true,
        "odometer": 150003.0,
        "fuel_level": 94.40000000000003,
        "battery_voltage": 24.21
    }
},
{
    "model": "tracking.telemetry",
    "pk": 407,
    "fields": {
        "device": 15,
        "timestamp": "2026-02-09T04:24:52.488Z",
        "latitude": -34.91813508371762,
        "longitude": -57.95797729747949,
        "speed": 80.0,
        "ignition": true,
        "odometer": 150003.5,
        "fuel_level": 94.30000000000004,
        "battery_voltage": 24.07
    }
},
{
    "model": "tracking.telemetry",
    "pk": 408,
    "fields": {
        "device": 15,
        "timestamp": "2026-02-09T04:24:57.496Z",
        "latitude": -34.91768064278621,
        "longitude": -57.95849357303477,
        "speed": 60.0,
        "ignition": true,
        "odometer": 150004.0,
        "fuel_level": 94.20000000000005,
        "battery_voltage": 24.32
    }
},
{
    "model": "tracking.telemetry",
    "pk": 409,
    "fields": {
        "device": 15,
        "timestamp": "2026-02-09T04:25:02.502Z",
        "latitude": -34.917236315071,
        "longitude": -57.959003101091504,
        "speed": 45.0,
        "ignition": true,
        "odometer": 150004.5,
        "fuel_level": 94.10000000000005,
        "battery_voltage": 23.68
    }
},
{
    "model": "tracking.telemetry",
    "pk": 410,
    "fields": {
        "device": 15,
        "timestamp": "2026-02-09T04:25:07.512Z",
        "latitude": -34.916792801300616,
        "longitude": -57.9594797454273,
        "speed": 69.0,
        "ignition": true,
        "odometer": 150005.0,
        "fuel_level": 94.00000000000006,
        "battery_voltage": 23.85
    }
},
{
    "model": "tracking.telemetry",
    "pk": 411,
    "fields": {
        "device": 15,
        "timestamp": "2026-02-09T04:25:12.520Z",
        "latitude": -34.91639205920731,
        "longitude": -57.95996516328171,
        "speed": 52.0,
        "ignition": true,
        "odometer": 150005.5,
        "fuel_level": 93.90000000000006,
        "battery_voltage": 23.55
    }
},
{
    "model": "tracking.telemetry",
    "pk": 412,
    "fields": {
        "device": 15,
        "timestamp": "2026-02-09T04:25:17.526Z",
        "latitude": -34.915989051804615,
        "longitude": -57.96054156300902,
        "speed": 62.0,
        "ignition": true,
        "odometer": 150006.0,
        "fuel_level": 93.80000000000007,
        "battery_voltage": 24.47
    }
},
{
    "model": "tracking.telemetry",
    "pk": 413,
    "fields": {
        "device": 15,
        "timestamp": "2026-02-09T04:25:22.535Z",
        "latitude": -34.91540201952816,
        "longitude": -57.96102121484907,
        "speed": 41.0,
        "ignition": true,
        "odometer": 150006.5,
        "fuel_level": 93.70000000000007,
        "battery_voltage": 23.77
    }
},
{
    "model": "tracking.telemetry",
    "pk": 414,
    "fields": {
        "device": 15,
        "timestamp": "2026-02-09T04:25:27.541Z",
        "latitude": -34.91498471391313,
        "longitude": -57.96152078919011,
        "speed": 44.0,
        "ignition": true,
        "odometer": 150007.0,
        "fuel_level": 93.60000000000008,
        "battery_voltage": 23.51
    }
},
{
    "model": "tracking.telemetry",
    "pk": 415,
    "fields": {
        "device": 15,
        "timestamp": "2026-02-09T04:25:32.549Z",
        "latitude": -34.914523408471204,
        "longitude": -57.962062636709874,
        "speed": 44.0,
        "ignition": true,
        "odometer": 150007.5,
        "fuel_level": 93.50000000000009,
        "battery_voltage": 24.0
    }
},
{
    "model": "tracking.telemetry",
    "pk": 416,
    "fields": {
        "device": 15,
        "timestamp": "2026-02-09T04:25:37.556Z",
        "latitude": -34.91406286953283,
        "longitude": -57.962553639521246,
        "speed": 51.0,
        "ignition": true,
        "odometer": 150008.0,
        "fuel_level": 93.40000000000009,
        "battery_voltage": 24.35
    }
},
{
    "model": "tracking.telemetry",
    "pk": 417,
    "fields": {
        "device": 15,
        "timestamp": "2026-02-09T04:25:42.565Z",
        "latitude": -34.91348781978538,
        "longitude": -57.96305781902106,
        "speed": 75.0,
        "ignition": true,
        "odometer": 150008.5,
        "fuel_level": 93.3000000000001,
        "battery_voltage": 24.3
    }
},
{
    "model": "tracking.telemetry",
    "pk": 418,
    "fields": {
        "device": 15,
        "timestamp": "2026-02-09T04:25:47.572Z",
        "latitude": -34.91294309455288,
        "longitude": -57.96360245314558,
        "speed": 63.0,
        "ignition": true,
        "odometer": 150009.0,
        "fuel_level": 93.2000000000001,
        "battery_voltage": 23.85
    }
},
{
    "model": "tracking.telemetry",
    "pk": 419,
    "fields": {
        "device": 15,
        "timestamp": "2026-02-09T04:25:52.579Z",
        "latitude": -34.912479388677376,
        "longitude": -57.96403947064789,
        "speed": 80.0,
        "ignition": true,
        "odometer": 150009.5,
        "fuel_level": 93.10000000000011,
        "battery_voltage": 23.72
    }
},
{
    "model": "tracking.telemetry",
    "pk": 420,
    "fields": {
        "device": 15,
        "timestamp": "2026-02-09T04:25:57.589Z",
        "latitude": -34.912047691366375,
        "longitude": -57.964561404522094,
        "speed": 67.0,
        "ignition": true,
        "odometer": 150010.0,
        "fuel_level": 93.00000000000011,
        "battery_voltage": 24.34
    }
},
{
    "model": "tracking.telemetry",
    "pk": 421,
    "fields": {
        "device": 15,
        "timestamp": "2026-02-09T04:26:02.597Z",
        "latitude": -34.91148373468468,
        "longitude": -57.96504399508218,
        "speed": 67.0,
        "ignition": true,
        "odometer": 150010.5,
        "fuel_level": 92.90000000000012,
        "battery_voltage": 24.12
    }
},
{
    "model": "tracking.telemetry",
    "pk": 422,
    "fields": {
        "device": 15,
        "timestamp": "2026-02-09T04:26:07.604Z",
        "latitude": -34.91097805762831,
        "longitude": -57.96553617878001,
        "speed": 79.0,
        "ignition": true,
        "odometer": 150011.0,
        "fuel_level": 92.80000000000013,
        "battery_voltage": 23.6
    }
},
{
    "model": "tracking.telemetry",
    "pk": 423,
    "fields": {
        "device": 15,
        "timestamp": "2026-02-09T04:26:12.611Z",
        "latitude": -34.91053604507831,
        "longitude": -57.96605460639802,
        "speed": 74.0,
        "ignition": true,
        "odometer": 150011.5,
        "fuel_level": 92.70000000000013,
        "battery_voltage": 24.18
    }
},
{
    "model": "tracking.telemetry",
    "pk": 424,
    "fields": {
        "device": 15,
        "timestamp": "2026-02-09T04:26:17.618Z",
        "latitude": -34.910051450754224,
        "longitude": -57.96647605628326,
        "speed": 60.0,
        "ignition": true,
        "odometer": 150012.0,
        "fuel_level": 92.60000000000014,
        "battery_voltage": 23.59
    }
},
{
    "model": "tracking.telemetry",
    "pk": 425,
    "fields": {
        "device": 15,
        "timestamp": "2026-02-09T04:26:22.626Z",
        "latitude": -34.90958450989619,
        "longitude": -57.966948533757915,
        "speed": 68.0,
        "ignition": true,
        "odometer": 150012.5,
        "fuel_level": 92.50000000000014,
        "battery_voltage": 24.41
    }
},
{
    "model": "tracking.telemetry",
    "pk": 426,
    "fields": {
        "device": 15,
        "timestamp": "2026-02-09T04:26:27.639Z",
        "latitude": -34.90899591739025,
        "longitude": -57.967381944297756,
        "speed": 55.0,
        "ignition": true,
        "odometer": 150013.0,
        "fuel_level": 92.40000000000015,
        "battery_voltage": 23.76
    }
},
{
    "model": "tracking.telemetry",
    "pk": 427,
    "fields": {
        "device": 15,
        "timestamp": "2026-02-09T04:26:32.648Z",
        "latitude": -34.9085395902578,
        "longitude": -57.96785032953618,
        "speed": 80.0,
        "ignition": true,
        "odometer": 150013.5,
        "fuel_level": 92.30000000000015,
        "battery_voltage": 23.88
    }
},
{
    "model": "tracking.telemetry",
    "pk": 428,
    "fields": {
        "device": 15,
        "timestamp": "2026-02-09T04:26:37.654Z",
        "latitude": -34.90798287432725,
        "longitude": -57.96830073208912,
        "speed": 43.0,
        "ignition": true,
        "odometer": 150014.0,
        "fuel_level": 92.20000000000016,
        "battery_voltage": 23.58
    }
},
{
    "model": "tracking.telemetry",
    "pk": 429,
    "fields": {
        "device": 15,
        "timestamp": "2026-02-09T04:26:42.661Z",
        "latitude": -34.90744896305794,
        "longitude": -57.96888546877278,
        "speed": 76.0,
        "ignition": true,
        "odometer": 150014.5,
        "fuel_level": 92.10000000000016,
        "battery_voltage": 23.62
    }
},
{
    "model": "tracking.telemetry",
    "pk": 430,
    "fields": {
        "device": 15,
        "timestamp": "2026-02-09T04:26:47.669Z",
        "latitude": -34.90691786912805,
        "longitude": -57.969351569075826,
        "speed": 77.0,
        "ignition": true,
        "odometer": 150015.0,
        "fuel_level": 92.00000000000017,
        "battery_voltage": 23.81
    }
},
{
    "model": "tracking.telemetry",
    "pk": 431,
    "fields": {
        "device": 15,
        "timestamp": "2026-02-09T04:26:52.675Z",
        "latitude": -34.906394630928254,
        "longitude": -57.96982582755881,
        "speed": 66.0,
        "ignition": true,
        "odometer": 150015.5,
        "fuel_level": 91.90000000000018,
        "battery_voltage": 23.52
    }
},
{
    "model": "tracking.telemetry",
    "pk": 432,
    "fields": {
        "device": 15,
        "timestamp": "2026-02-09T04:26:57.683Z",
        "latitude": -34.90589725699334,
        "longitude": -57.97029443330364,
        "speed": 76.0,
        "ignition": true,
        "odometer": 150016.0,
        "fuel_level": 91.80000000000018,
        "battery_voltage": 24.39
    }
},
{
    "model": "tracking.telemetry",
    "pk": 433,
    "fields": {
        "device": 15,
        "timestamp": "2026-02-09T04:27:02.692Z",
        "latitude": -34.905359575651914,
        "longitude": -57.97074698229088,
        "speed": 47.0,
        "ignition": true,
        "odometer": 150016.5,
        "fuel_level": 91.70000000000019,
        "battery_voltage": 24.15
    }
},
{
    "model": "tracking.telemetry",
    "pk": 434,
    "fields": {
        "device": 15,
        "timestamp": "2026-02-09T04:27:07.699Z",
        "latitude": -34.90491772040951,
        "longitude": -57.97118899732458,
        "speed": 52.0,
        "ignition": true,
        "odometer": 150017.0,
        "fuel_level": 91.6000000000002,
        "battery_voltage": 24.07
    }
},
{
    "model": "tracking.telemetry",
    "pk": 435,
    "fields": {
        "device": 15,
        "timestamp": "2026-02-09T04:27:12.707Z",
        "latitude": -34.90435056022643,
        "longitude": -57.97163819121062,
        "speed": 41.0,
        "ignition": true,
        "odometer": 150017.5,
        "fuel_level": 91.5000000000002,
        "battery_voltage": 23.69
    }
},
{
    "model": "tracking.telemetry",
    "pk": 436,
    "fields": {
        "device": 15,
        "timestamp": "2026-02-09T04:27:17.716Z",
        "latitude": -34.90392613486836,
        "longitude": -57.97217490051683,
        "speed": 58.0,
        "ignition": true,
        "odometer": 150018.0,
        "fuel_level": 91.4000000000002,
        "battery_voltage": 24.45
    }
},
{
    "model": "tracking.telemetry",
    "pk": 437,
    "fields": {
        "device": 15,
        "timestamp": "2026-02-09T04:27:22.722Z",
        "latitude": -34.90335822106801,
        "longitude": -57.97262917500368,
        "speed": 52.0,
        "ignition": true,
        "odometer": 150018.5,
        "fuel_level": 91.30000000000021,
        "battery_voltage": 24.18
    }
},
{
    "model": "tracking.telemetry",
    "pk": 438,
    "fields": {
        "device": 15,
        "timestamp": "2026-02-09T04:27:27.731Z",
        "latitude": -34.902797416347575,
        "longitude": -57.973130865066835,
        "speed": 78.0,
        "ignition": true,
        "odometer": 150019.0,
        "fuel_level": 91.20000000000022,
        "battery_voltage": 24.49
    }
},
{
    "model": "tracking.telemetry",
    "pk": 439,
    "fields": {
        "device": 15,
        "timestamp": "2026-02-09T04:27:32.739Z",
        "latitude": -34.90230301391143,
        "longitude": -57.97367069480755,
        "speed": 42.0,
        "ignition": true,
        "odometer": 150019.5,
        "fuel_level": 91.10000000000022,
        "battery_voltage": 24.1
    }
},
{
    "model": "tracking.telemetry",
    "pk": 440,
    "fields": {
        "device": 15,
        "timestamp": "2026-02-09T04:27:37.747Z",
        "latitude": -34.901742325785726,
        "longitude": -57.974235706496216,
        "speed": 41.0,
        "ignition": true,
        "odometer": 150020.0,
        "fuel_level": 91.00000000000023,
        "battery_voltage": 23.73
    }
},
{
    "model": "tracking.telemetry",
    "pk": 441,
    "fields": {
        "device": 15,
        "timestamp": "2026-02-09T04:27:42.755Z",
        "latitude": -34.901163680374125,
        "longitude": -57.97481548073918,
        "speed": 68.0,
        "ignition": true,
        "odometer": 150020.5,
        "fuel_level": 90.90000000000023,
        "battery_voltage": 24.37
    }
},
{
    "model": "tracking.telemetry",
    "pk": 442,
    "fields": {
        "device": 15,
        "timestamp": "2026-02-09T04:27:47.762Z",
        "latitude": -34.900630165050146,
        "longitude": -57.975310526906355,
        "speed": 72.0,
        "ignition": true,
        "odometer": 150021.0,
        "fuel_level": 90.80000000000024,
        "battery_voltage": 24.38
    }
},
{
    "model": "tracking.telemetry",
    "pk": 443,
    "fields": {
        "device": 15,
        "timestamp": "2026-02-09T04:27:52.773Z",
        "latitude": -34.9000423294555,
        "longitude": -57.97578247386173,
        "speed": 76.0,
        "ignition": true,
        "odometer": 150021.5,
        "fuel_level": 90.70000000000024,
        "battery_voltage": 24.2
    }
},
{
    "model": "tracking.telemetry",
    "pk": 444,
    "fields": {
        "device": 15,
        "timestamp": "2026-02-09T04:27:57.780Z",
        "latitude": -34.89960751748348,
        "longitude": -57.976376616594216,
        "speed": 44.0,
        "ignition": true,
        "odometer": 150022.0,
        "fuel_level": 90.60000000000025,
        "battery_voltage": 24.15
    }
},
{
    "model": "tracking.telemetry",
    "pk": 445,
    "fields": {
        "device": 15,
        "timestamp": "2026-02-09T04:28:02.790Z",
        "latitude": -34.899032285700585,
        "longitude": -57.97680557732691,
        "speed": 72.0,
        "ignition": true,
        "odometer": 150022.5,
        "fuel_level": 90.50000000000026,
        "battery_voltage": 24.02
    }
},
{
    "model": "tracking.telemetry",
    "pk": 446,
    "fields": {
        "device": 15,
        "timestamp": "2026-02-09T04:28:07.798Z",
        "latitude": -34.89858397438757,
        "longitude": -57.97732349912814,
        "speed": 77.0,
        "ignition": true,
        "odometer": 150023.0,
        "fuel_level": 90.40000000000026,
        "battery_voltage": 23.69
    }
},
{
    "model": "tracking.telemetry",
    "pk": 447,
    "fields": {
        "device": 15,
        "timestamp": "2026-02-09T04:28:12.807Z",
        "latitude": -34.89805278417394,
        "longitude": -57.97773946882987,
        "speed": 58.0,
        "ignition": true,
        "odometer": 150023.5,
        "fuel_level": 90.30000000000027,
        "battery_voltage": 23.92
    }
},
{
    "model": "tracking.telemetry",
    "pk": 448,
    "fields": {
        "device": 15,
        "timestamp": "2026-02-09T04:28:17.815Z",
        "latitude": -34.897545552247614,
        "longitude": -57.97832058262075,
        "speed": 48.0,
        "ignition": true,
        "odometer": 150024.0,
        "fuel_level": 90.20000000000027,
        "battery_voltage": 24.24
    }
},
{
    "model": "tracking.telemetry",
    "pk": 449,
    "fields": {
        "device": 15,
        "timestamp": "2026-02-09T04:28:22.825Z",
        "latitude": -34.89698632115302,
        "longitude": -57.97884155000591,
        "speed": 71.0,
        "ignition": true,
        "odometer": 150024.5,
        "fuel_level": 90.10000000000028,
        "battery_voltage": 23.94
    }
},
{
    "model": "tracking.telemetry",
    "pk": 450,
    "fields": {
        "device": 15,
        "timestamp": "2026-02-09T04:28:27.836Z",
        "latitude": -34.8965174742514,
        "longitude": -57.97927586000944,
        "speed": 63.0,
        "ignition": true,
        "odometer": 150025.0,
        "fuel_level": 90.00000000000028,
        "battery_voltage": 23.63
    }
},
{
    "model": "tracking.telemetry",
    "pk": 451,
    "fields": {
        "device": 15,
        "timestamp": "2026-02-09T04:28:32.844Z",
        "latitude": -34.89602088874704,
        "longitude": -57.97980642076974,
        "speed": 43.0,
        "ignition": true,
        "odometer": 150025.5,
        "fuel_level": 89.90000000000029,
        "battery_voltage": 23.96
    }
},
{
    "model": "tracking.telemetry",
    "pk": 452,
    "fields": {
        "device": 15,
        "timestamp": "2026-02-09T04:28:37.854Z",
        "latitude": -34.89555586631718,
        "longitude": -57.980215511988426,
        "speed": 41.0,
        "ignition": true,
        "odometer": 150026.0,
        "fuel_level": 89.8000000000003,
        "battery_voltage": 24.31
    }
},
{
    "model": "tracking.telemetry",
    "pk": 453,
    "fields": {
        "device": 15,
        "timestamp": "2026-02-09T04:28:42.865Z",
        "latitude": -34.89498527633655,
        "longitude": -57.98080789516359,
        "speed": 72.0,
        "ignition": true,
        "odometer": 150026.5,
        "fuel_level": 89.7000000000003,
        "battery_voltage": 23.87
    }
},
{
    "model": "tracking.telemetry",
    "pk": 454,
    "fields": {
        "device": 15,
        "timestamp": "2026-02-09T04:28:47.873Z",
        "latitude": -34.894489521976176,
        "longitude": -57.98131549549661,
        "speed": 49.0,
        "ignition": true,
        "odometer": 150027.0,
        "fuel_level": 89.6000000000003,
        "battery_voltage": 24.25
    }
},
{
    "model": "tracking.telemetry",
    "pk": 455,
    "fields": {
        "device": 15,
        "timestamp": "2026-02-09T04:28:52.881Z",
        "latitude": -34.894026803607865,
        "longitude": -57.981786724589625,
        "speed": 68.0,
        "ignition": true,
        "odometer": 150027.5,
        "fuel_level": 89.50000000000031,
        "battery_voltage": 24.19
    }
},
{
    "model": "tracking.telemetry",
    "pk": 456,
    "fields": {
        "device": 15,
        "timestamp": "2026-02-09T04:28:57.889Z",
        "latitude": -34.89346889743476,
        "longitude": -57.982207670994754,
        "speed": 42.0,
        "ignition": true,
        "odometer": 150028.0,
        "fuel_level": 89.40000000000032,
        "battery_voltage": 24.41
    }
},
{
    "model": "tracking.telemetry",
    "pk": 457,
    "fields": {
        "device": 15,
        "timestamp": "2026-02-09T04:29:02.898Z",
        "latitude": -34.89297804590265,
        "longitude": -57.98277670693937,
        "speed": 40.0,
        "ignition": true,
        "odometer": 150028.5,
        "fuel_level": 89.30000000000032,
        "battery_voltage": 24.04
    }
},
{
    "model": "tracking.telemetry",
    "pk": 458,
    "fields": {
        "device": 15,
        "timestamp": "2026-02-09T04:29:07.907Z",
        "latitude": -34.89254598791745,
        "longitude": -57.98325906908358,
        "speed": 67.0,
        "ignition": true,
        "odometer": 150029.0,
        "fuel_level": 89.20000000000033,
        "battery_voltage": 24.45
    }
},
{
    "model": "tracking.telemetry",
    "pk": 459,
    "fields": {
        "device": 15,
        "timestamp": "2026-02-09T04:29:12.915Z",
        "latitude": -34.8921388052244,
        "longitude": -57.98384001736927,
        "speed": 48.0,
        "ignition": true,
        "odometer": 150029.5,
        "fuel_level": 89.10000000000034,
        "battery_voltage": 24.36
    }
},
{
    "model": "tracking.telemetry",
    "pk": 460,
    "fields": {
        "device": 15,
        "timestamp": "2026-02-09T04:29:17.923Z",
        "latitude": -34.89164833065452,
        "longitude": -57.98442647581701,
        "speed": 58.0,
        "ignition": true,
        "odometer": 150030.0,
        "fuel_level": 89.00000000000034,
        "battery_voltage": 23.59
    }
},
{
    "model": "tracking.telemetry",
    "pk": 461,
    "fields": {
        "device": 15,
        "timestamp": "2026-02-09T04:29:22.931Z",
        "latitude": -34.89124643890445,
        "longitude": -57.98499554284987,
        "speed": 70.0,
        "ignition": true,
        "odometer": 150030.5,
        "fuel_level": 88.90000000000035,
        "battery_voltage": 24.42
    }
},
{
    "model": "tracking.telemetry",
    "pk": 462,
    "fields": {
        "device": 15,
        "timestamp": "2026-02-09T04:29:27.953Z",
        "latitude": -34.890791759056576,
        "longitude": -57.98557274666864,
        "speed": 48.0,
        "ignition": true,
        "odometer": 150031.0,
        "fuel_level": 88.80000000000035,
        "battery_voltage": 23.85
    }
},
{
    "model": "tracking.telemetry",
    "pk": 463,
    "fields": {
        "device": 15,
        "timestamp": "2026-02-09T04:29:32.962Z",
        "latitude": -34.89021750308782,
        "longitude": -57.985995886412105,
        "speed": 48.0,
        "ignition": true,
        "odometer": 150031.5,
        "fuel_level": 88.70000000000036,
        "battery_voltage": 23.86
    }
},
{
    "model": "tracking.telemetry",
    "pk": 464,
    "fields": {
        "device": 15,
        "timestamp": "2026-02-09T04:29:37.974Z",
        "latitude": -34.889655197947576,
        "longitude": -57.98649552740167,
        "speed": 68.0,
        "ignition": true,
        "odometer": 150032.0,
        "fuel_level": 88.60000000000036,
        "battery_voltage": 24.4
    }
},
{
    "model": "tracking.telemetry",
    "pk": 465,
    "fields": {
        "device": 15,
        "timestamp": "2026-02-09T04:29:42.985Z",
        "latitude": -34.88911612507443,
        "longitude": -57.987089853466316,
        "speed": 79.0,
        "ignition": true,
        "odometer": 150032.5,
        "fuel_level": 88.50000000000037,
        "battery_voltage": 23.73
    }
},
{
    "model": "tracking.telemetry",
    "pk": 466,
    "fields": {
        "device": 15,
        "timestamp": "2026-02-09T04:29:47.993Z",
        "latitude": -34.888611694077774,
        "longitude": -57.98754024948536,
        "speed": 56.0,
        "ignition": true,
        "odometer": 150033.0,
        "fuel_level": 88.40000000000038,
        "battery_voltage": 24.11
    }
},
{
    "model": "tracking.telemetry",
    "pk": 467,
    "fields": {
        "device": 15,
        "timestamp": "2026-02-09T04:29:53.003Z",
        "latitude": -34.88805878346658,
        "longitude": -57.98809478811724,
        "speed": 41.0,
        "ignition": true,
        "odometer": 150033.5,
        "fuel_level": 88.30000000000038,
        "battery_voltage": 23.96
    }
},
{
    "model": "tracking.telemetry",
    "pk": 468,
    "fields": {
        "device": 15,
        "timestamp": "2026-02-09T04:29:58.011Z",
        "latitude": -34.88750957072907,
        "longitude": -57.98850552312021,
        "speed": 71.0,
        "ignition": true,
        "odometer": 150034.0,
        "fuel_level": 88.20000000000039,
        "battery_voltage": 24.44
    }
},
{
    "model": "tracking.telemetry",
    "pk": 469,
    "fields": {
        "device": 15,
        "timestamp": "2026-02-09T04:30:03.020Z",
        "latitude": -34.88695564799057,
        "longitude": -57.98895610704341,
        "speed": 72.0,
        "ignition": true,
        "odometer": 150034.5,
        "fuel_level": 88.10000000000039,
        "battery_voltage": 24.22
    }
},
{
    "model": "tracking.telemetry",
    "pk": 470,
    "fields": {
        "device": 15,
        "timestamp": "2026-02-09T04:30:08.028Z",
        "latitude": -34.88640135252548,
        "longitude": -57.98950775140283,
        "speed": 49.0,
        "ignition": true,
        "odometer": 150035.0,
        "fuel_level": 88.0000000000004,
        "battery_voltage": 24.17
    }
},
{
    "model": "tracking.telemetry",
    "pk": 471,
    "fields": {
        "device": 15,
        "timestamp": "2026-02-09T04:30:13.056Z",
        "latitude": -34.885893674926756,
        "longitude": -57.98997606062486,
        "speed": 67.0,
        "ignition": true,
        "odometer": 150035.5,
        "fuel_level": 87.9000000000004,
        "battery_voltage": 24.24
    }
},
{
    "model": "tracking.telemetry",
    "pk": 472,
    "fields": {
        "device": 15,
        "timestamp": "2026-02-09T04:30:18.065Z",
        "latitude": -34.88548542632142,
        "longitude": -57.99037815920929,
        "speed": 76.0,
        "ignition": true,
        "odometer": 150036.0,
        "fuel_level": 87.80000000000041,
        "battery_voltage": 24.21
    }
},
{
    "model": "tracking.telemetry",
    "pk": 473,
    "fields": {
        "device": 15,
        "timestamp": "2026-02-09T04:30:23.074Z",
        "latitude": -34.88508088781957,
        "longitude": -57.99087960791495,
        "speed": 57.0,
        "ignition": true,
        "odometer": 150036.5,
        "fuel_level": 87.70000000000041,
        "battery_voltage": 24.0
    }
},
{
    "model": "tracking.telemetry",
    "pk": 474,
    "fields": {
        "device": 15,
        "timestamp": "2026-02-09T04:30:28.082Z",
        "latitude": -34.884535877892965,
        "longitude": -57.99132409116645,
        "speed": 72.0,
        "ignition": true,
        "odometer": 150037.0,
        "fuel_level": 87.60000000000042,
        "battery_voltage": 23.59
    }
},
{
    "model": "tracking.telemetry",
    "pk": 475,
    "fields": {
        "device": 15,
        "timestamp": "2026-02-09T04:30:33.091Z",
        "latitude": -34.884067844610776,
        "longitude": -57.99177232514105,
        "speed": 46.0,
        "ignition": true,
        "odometer": 150037.5,
        "fuel_level": 87.50000000000043,
        "battery_voltage": 24.23
    }
},
{
    "model": "tracking.telemetry",
    "pk": 476,
    "fields": {
        "device": 15,
        "timestamp": "2026-02-09T04:30:38.097Z",
        "latitude": -34.8836186367553,
        "longitude": -57.992330794298915,
        "speed": 45.0,
        "ignition": true,
        "odometer": 150038.0,
        "fuel_level": 87.40000000000043,
        "battery_voltage": 24.15
    }
},
{
    "model": "tracking.telemetry",
    "pk": 477,
    "fields": {
        "device": 15,
        "timestamp": "2026-02-09T04:30:43.103Z",
        "latitude": -34.88313379142913,
        "longitude": -57.99289818589541,
        "speed": 80.0,
        "ignition": true,
        "odometer": 150038.5,
        "fuel_level": 87.30000000000044,
        "battery_voltage": 23.79
    }
},
{
    "model": "tracking.telemetry",
    "pk": 478,
    "fields": {
        "device": 15,
        "timestamp": "2026-02-09T04:30:48.111Z",
        "latitude": -34.882633278543985,
        "longitude": -57.99344246665231,
        "speed": 66.0,
        "ignition": true,
        "odometer": 150039.0,
        "fuel_level": 87.20000000000044,
        "battery_voltage": 24.35
    }
},
{
    "model": "tracking.telemetry",
    "pk": 479,
    "fields": {
        "device": 15,
        "timestamp": "2026-02-09T04:30:53.116Z",
        "latitude": -34.882128360029625,
        "longitude": -57.994029081440374,
        "speed": 52.0,
        "ignition": true,
        "odometer": 150039.5,
        "fuel_level": 87.10000000000045,
        "battery_voltage": 23.52
    }
},
{
    "model": "tracking.telemetry",
    "pk": 480,
    "fields": {
        "device": 15,
        "timestamp": "2026-02-09T04:30:58.126Z",
        "latitude": -34.881582912011496,
        "longitude": -57.99454182227877,
        "speed": 73.0,
        "ignition": true,
        "odometer": 150040.0,
        "fuel_level": 87.00000000000045,
        "battery_voltage": 24.09
    }
},
{
    "model": "tracking.telemetry",
    "pk": 481,
    "fields": {
        "device": 15,
        "timestamp": "2026-02-09T04:31:03.180Z",
        "latitude": -34.88116657800174,
        "longitude": -57.994945164855515,
        "speed": 67.0,
        "ignition": true,
        "odometer": 150040.5,
        "fuel_level": 86.90000000000046,
        "battery_voltage": 23.54
    }
},
{
    "model": "tracking.telemetry",
    "pk": 482,
    "fields": {
        "device": 15,
        "timestamp": "2026-02-09T04:31:08.188Z",
        "latitude": -34.88060609576477,
        "longitude": -57.995348373869874,
        "speed": 62.0,
        "ignition": true,
        "odometer": 150041.0,
        "fuel_level": 86.80000000000047,
        "battery_voltage": 23.8
    }
},
{
    "model": "tracking.telemetry",
    "pk": 483,
    "fields": {
        "device": 15,
        "timestamp": "2026-02-09T04:31:13.196Z",
        "latitude": -34.880138762308064,
        "longitude": -57.99577686564726,
        "speed": 46.0,
        "ignition": true,
        "odometer": 150041.5,
        "fuel_level": 86.70000000000047,
        "battery_voltage": 24.03
    }
},
{
    "model": "tracking.telemetry",
    "pk": 484,
    "fields": {
        "device": 15,
        "timestamp": "2026-02-09T04:31:18.201Z",
        "latitude": -34.87957673071461,
        "longitude": -57.99628189173395,
        "speed": 79.0,
        "ignition": true,
        "odometer": 150042.0,
        "fuel_level": 86.60000000000048,
        "battery_voltage": 23.94
    }
},
{
    "model": "tracking.telemetry",
    "pk": 485,
    "fields": {
        "device": 15,
        "timestamp": "2026-02-09T04:31:23.211Z",
        "latitude": -34.87901090450829,
        "longitude": -57.99682240636674,
        "speed": 73.0,
        "ignition": true,
        "odometer": 150042.5,
        "fuel_level": 86.50000000000048,
        "battery_voltage": 24.43
    }
},
{
    "model": "tracking.telemetry",
    "pk": 486,
    "fields": {
        "device": 15,
        "timestamp": "2026-02-09T04:31:28.219Z",
        "latitude": -34.87860890147334,
        "longitude": -57.99737721273392,
        "speed": 78.0,
        "ignition": true,
        "odometer": 150043.0,
        "fuel_level": 86.40000000000049,
        "battery_voltage": 23.88
    }
},
{
    "model": "tracking.telemetry",
    "pk": 487,
    "fields": {
        "device": 15,
        "timestamp": "2026-02-09T04:31:33.225Z",
        "latitude": -34.87811733959401,
        "longitude": -57.99781655655465,
        "speed": 48.0,
        "ignition": true,
        "odometer": 150043.5,
        "fuel_level": 86.3000000000005,
        "battery_voltage": 23.83
    }
},
{
    "model": "tracking.telemetry",
    "pk": 488,
    "fields": {
        "device": 15,
        "timestamp": "2026-02-09T04:31:38.235Z",
        "latitude": -34.877717217871776,
        "longitude": -57.998348248620694,
        "speed": 79.0,
        "ignition": true,
        "odometer": 150044.0,
        "fuel_level": 86.2000000000005,
        "battery_voltage": 23.83
    }
},
{
    "model": "tracking.telemetry",
    "pk": 489,
    "fields": {
        "device": 15,
        "timestamp": "2026-02-09T04:31:43.243Z",
        "latitude": -34.877213281461486,
        "longitude": -57.9987624556158,
        "speed": 67.0,
        "ignition": true,
        "odometer": 150044.5,
        "fuel_level": 86.1000000000005,
        "battery_voltage": 24.34
    }
},
{
    "model": "tracking.telemetry",
    "pk": 490,
    "fields": {
        "device": 15,
        "timestamp": "2026-02-09T04:31:48.251Z",
        "latitude": -34.876794824238324,
        "longitude": -57.99926002087787,
        "speed": 56.0,
        "ignition": true,
        "odometer": 150045.0,
        "fuel_level": 86.00000000000051,
        "battery_voltage": 23.62
    }
},
{
    "model": "tracking.telemetry",
    "pk": 491,
    "fields": {
        "device": 15,
        "timestamp": "2026-02-09T04:38:03.924Z",
        "latitude": -34.92084455918875,
        "longitude": -57.9549693713154,
        "speed": 51.0,
        "ignition": true,
        "odometer": 150000.5,
        "fuel_level": 94.9,
        "battery_voltage": 23.88
    }
},
{
    "model": "tracking.telemetry",
    "pk": 492,
    "fields": {
        "device": 15,
        "timestamp": "2026-02-09T04:38:08.932Z",
        "latitude": -34.92038061889535,
        "longitude": -57.955504659890956,
        "speed": 40.0,
        "ignition": true,
        "odometer": 150001.0,
        "fuel_level": 94.80000000000001,
        "battery_voltage": 24.14
    }
},
{
    "model": "tracking.telemetry",
    "pk": 493,
    "fields": {
        "device": 16,
        "timestamp": "2026-02-09T04:38:11.937Z",
        "latitude": -34.9209647310284,
        "longitude": -57.954927949162844,
        "speed": 55.0,
        "ignition": true,
        "odometer": 150000.5,
        "fuel_level": 94.9,
        "battery_voltage": 23.8
    }
},
{
    "model": "tracking.telemetry",
    "pk": 494,
    "fields": {
        "device": 15,
        "timestamp": "2026-02-09T04:38:13.942Z",
        "latitude": -34.9198284190584,
        "longitude": -57.95604329960722,
        "speed": 65.0,
        "ignition": true,
        "odometer": 150001.5,
        "fuel_level": 94.70000000000002,
        "battery_voltage": 24.2
    }
},
{
    "model": "tracking.telemetry",
    "pk": 495,
    "fields": {
        "device": 16,
        "timestamp": "2026-02-09T04:38:16.943Z",
        "latitude": -34.92053423180731,
        "longitude": -57.955484256086734,
        "speed": 60.0,
        "ignition": true,
        "odometer": 150001.0,
        "fuel_level": 94.80000000000001,
        "battery_voltage": 24.48
    }
},
{
    "model": "tracking.telemetry",
    "pk": 496,
    "fields": {
        "device": 15,
        "timestamp": "2026-02-09T04:38:18.952Z",
        "latitude": -34.919389284109094,
        "longitude": -57.956450287336224,
        "speed": 57.0,
        "ignition": true,
        "odometer": 150002.0,
        "fuel_level": 94.60000000000002,
        "battery_voltage": 24.14
    }
},
{
    "model": "tracking.telemetry",
    "pk": 497,
    "fields": {
        "device": 16,
        "timestamp": "2026-02-09T04:38:21.953Z",
        "latitude": -34.91994566857698,
        "longitude": -57.956058877708905,
        "speed": 68.0,
        "ignition": true,
        "odometer": 150001.5,
        "fuel_level": 94.70000000000002,
        "battery_voltage": 23.96
    }
},
{
    "model": "tracking.telemetry",
    "pk": 498,
    "fields": {
        "device": 15,
        "timestamp": "2026-02-09T04:38:23.986Z",
        "latitude": -34.918979280830506,
        "longitude": -57.95693777879049,
        "speed": 79.0,
        "ignition": true,
        "odometer": 150002.5,
        "fuel_level": 94.50000000000003,
        "battery_voltage": 23.8
    }
},
{
    "model": "tracking.telemetry",
    "pk": 499,
    "fields": {
        "device": 16,
        "timestamp": "2026-02-09T04:38:26.962Z",
        "latitude": -34.919454007692146,
        "longitude": -57.956535024241795,
        "speed": 65.0,
        "ignition": true,
        "odometer": 150002.0,
        "fuel_level": 94.60000000000002,
        "battery_voltage": 24.46
    }
},
{
    "model": "tracking.telemetry",
    "pk": 500,
    "fields": {
        "device": 15,
        "timestamp": "2026-02-09T04:38:28.994Z",
        "latitude": -34.918391105673976,
        "longitude": -57.95750325817479,
        "speed": 75.0,
        "ignition": true,
        "odometer": 150003.0,
        "fuel_level": 94.40000000000003,
        "battery_voltage": 24.5
    }
},
{
    "model": "tracking.telemetry",
    "pk": 501,
    "fields": {
        "device": 16,
        "timestamp": "2026-02-09T04:38:31.970Z",
        "latitude": -34.918915605744054,
        "longitude": -57.95712275081597,
        "speed": 48.0,
        "ignition": true,
        "odometer": 150002.5,
        "fuel_level": 94.50000000000003,
        "battery_voltage": 24.46
    }
},
{
    "model": "tracking.telemetry",
    "pk": 502,
    "fields": {
        "device": 15,
        "timestamp": "2026-02-09T04:38:34.005Z",
        "latitude": -34.917879790394885,
        "longitude": -57.95807515601599,
        "speed": 67.0,
        "ignition": true,
        "odometer": 150003.5,
        "fuel_level": 94.30000000000004,
        "battery_voltage": 24.05
    }
},
{
    "model": "tracking.telemetry",
    "pk": 503,
    "fields": {
        "device": 16,
        "timestamp": "2026-02-09T04:38:36.978Z",
        "latitude": -34.918377825841,
        "longitude": -57.95761485180601,
        "speed": 72.0,
        "ignition": true,
        "odometer": 150003.0,
        "fuel_level": 94.40000000000003,
        "battery_voltage": 23.69
    }
},
{
    "model": "tracking.telemetry",
    "pk": 504,
    "fields": {
        "device": 15,
        "timestamp": "2026-02-09T04:38:39.015Z",
        "latitude": -34.91729310410147,
        "longitude": -57.958655998347695,
        "speed": 63.0,
        "ignition": true,
        "odometer": 150004.0,
        "fuel_level": 94.20000000000005,
        "battery_voltage": 23.92
    }
},
{
    "model": "tracking.telemetry",
    "pk": 505,
    "fields": {
        "device": 16,
        "timestamp": "2026-02-09T04:38:41.985Z",
        "latitude": -34.91779218413225,
        "longitude": -57.95818242622371,
        "speed": 45.0,
        "ignition": true,
        "odometer": 150003.5,
        "fuel_level": 94.30000000000004,
        "battery_voltage": 24.45
    }
},
{
    "model": "tracking.telemetry",
    "pk": 506,
    "fields": {
        "device": 15,
        "timestamp": "2026-02-09T04:38:44.022Z",
        "latitude": -34.916725691137366,
        "longitude": -57.95918783428219,
        "speed": 43.0,
        "ignition": true,
        "odometer": 150004.5,
        "fuel_level": 94.10000000000005,
        "battery_voltage": 23.75
    }
},
{
    "model": "tracking.telemetry",
    "pk": 507,
    "fields": {
        "device": 16,
        "timestamp": "2026-02-09T04:38:46.993Z",
        "latitude": -34.917384928606936,
        "longitude": -57.95862627462759,
        "speed": 47.0,
        "ignition": true,
        "odometer": 150004.0,
        "fuel_level": 94.20000000000005,
        "battery_voltage": 23.99
    }
},
{
    "model": "tracking.telemetry",
    "pk": 508,
    "fields": {
        "device": 15,
        "timestamp": "2026-02-09T04:38:49.030Z",
        "latitude": -34.91624178318943,
        "longitude": -57.95962317682736,
        "speed": 56.0,
        "ignition": true,
        "odometer": 150005.0,
        "fuel_level": 94.00000000000006,
        "battery_voltage": 24.01
    }
},
{
    "model": "tracking.telemetry",
    "pk": 509,
    "fields": {
        "device": 16,
        "timestamp": "2026-02-09T04:38:52.007Z",
        "latitude": -34.91690132152119,
        "longitude": -57.95917036151489,
        "speed": 72.0,
        "ignition": true,
        "odometer": 150004.5,
        "fuel_level": 94.10000000000005,
        "battery_voltage": 23.57
    }
},
{
    "model": "tracking.telemetry",
    "pk": 510,
    "fields": {
        "device": 15,
        "timestamp": "2026-02-09T04:38:54.037Z",
        "latitude": -34.915836278571646,
        "longitude": -57.96015854154356,
        "speed": 52.0,
        "ignition": true,
        "odometer": 150005.5,
        "fuel_level": 93.90000000000006,
        "battery_voltage": 24.44
    }
},
{
    "model": "tracking.telemetry",
    "pk": 511,
    "fields": {
        "device": 16,
        "timestamp": "2026-02-09T04:38:58.035Z",
        "latitude": -34.920816321460855,
        "longitude": -57.95499445208106,
        "speed": 60.0,
        "ignition": true,
        "odometer": 150000.5,
        "fuel_level": 94.9,
        "battery_voltage": 23.94
    }
},
{
    "model": "tracking.telemetry",
    "pk": 512,
    "fields": {
        "device": 15,
        "timestamp": "2026-02-09T04:38:59.043Z",
        "latitude": -34.91542750021079,
        "longitude": -57.96059524106611,
        "speed": 50.0,
        "ignition": true,
        "odometer": 150006.0,
        "fuel_level": 93.80000000000007,
        "battery_voltage": 24.41
    }
},
{
    "model": "tracking.telemetry",
    "pk": 513,
    "fields": {
        "device": 16,
        "timestamp": "2026-02-09T04:39:03.042Z",
        "latitude": -34.92036216793511,
        "longitude": -57.955510263876214,
        "speed": 74.0,
        "ignition": true,
        "odometer": 150001.0,
        "fuel_level": 94.80000000000001,
        "battery_voltage": 23.62
    }
},
{
    "model": "tracking.telemetry",
    "pk": 514,
    "fields": {
        "device": 15,
        "timestamp": "2026-02-09T04:39:04.052Z",
        "latitude": -34.914915745308356,
        "longitude": -57.96106248569204,
        "speed": 73.0,
        "ignition": true,
        "odometer": 150006.5,
        "fuel_level": 93.70000000000007,
        "battery_voltage": 24.13
    }
},
{
    "model": "tracking.telemetry",
    "pk": 515,
    "fields": {
        "device": 16,
        "timestamp": "2026-02-09T04:39:08.052Z",
        "latitude": -34.919824816053385,
        "longitude": -57.956071284198266,
        "speed": 45.0,
        "ignition": true,
        "odometer": 150001.5,
        "fuel_level": 94.70000000000002,
        "battery_voltage": 23.53
    }
},
{
    "model": "tracking.telemetry",
    "pk": 516,
    "fields": {
        "device": 15,
        "timestamp": "2026-02-09T04:39:09.059Z",
        "latitude": -34.9143326133582,
        "longitude": -57.96160344610738,
        "speed": 71.0,
        "ignition": true,
        "odometer": 150007.0,
        "fuel_level": 93.60000000000008,
        "battery_voltage": 24.43
    }
},
{
    "model": "tracking.telemetry",
    "pk": 517,
    "fields": {
        "device": 16,
        "timestamp": "2026-02-09T04:39:13.061Z",
        "latitude": -34.91926019337711,
        "longitude": -57.95663591950211,
        "speed": 74.0,
        "ignition": true,
        "odometer": 150002.0,
        "fuel_level": 94.60000000000002,
        "battery_voltage": 24.08
    }
},
{
    "model": "tracking.telemetry",
    "pk": 518,
    "fields": {
        "device": 15,
        "timestamp": "2026-02-09T04:39:14.068Z",
        "latitude": -34.91391900583404,
        "longitude": -57.96202483329263,
        "speed": 56.0,
        "ignition": true,
        "odometer": 150007.5,
        "fuel_level": 93.50000000000009,
        "battery_voltage": 24.2
    }
},
{
    "model": "tracking.telemetry",
    "pk": 519,
    "fields": {
        "device": 16,
        "timestamp": "2026-02-09T04:39:18.069Z",
        "latitude": -34.918777162512136,
        "longitude": -57.957174259040194,
        "speed": 63.0,
        "ignition": true,
        "odometer": 150002.5,
        "fuel_level": 94.50000000000003,
        "battery_voltage": 24.11
    }
},
{
    "model": "tracking.telemetry",
    "pk": 520,
    "fields": {
        "device": 15,
        "timestamp": "2026-02-09T04:39:19.075Z",
        "latitude": -34.91333443523202,
        "longitude": -57.96251298044967,
        "speed": 63.0,
        "ignition": true,
        "odometer": 150008.0,
        "fuel_level": 93.40000000000009,
        "battery_voltage": 23.8
    }
},
{
    "model": "tracking.telemetry",
    "pk": 521,
    "fields": {
        "device": 16,
        "timestamp": "2026-02-09T04:39:23.077Z",
        "latitude": -34.918233705237874,
        "longitude": -57.95774880070192,
        "speed": 60.0,
        "ignition": true,
        "odometer": 150003.0,
        "fuel_level": 94.40000000000003,
        "battery_voltage": 24.2
    }
},
{
    "model": "tracking.telemetry",
    "pk": 522,
    "fields": {
        "device": 15,
        "timestamp": "2026-02-09T04:39:24.081Z",
        "latitude": -34.9129108674408,
        "longitude": -57.963078064275116,
        "speed": 75.0,
        "ignition": true,
        "odometer": 150008.5,
        "fuel_level": 93.3000000000001,
        "battery_voltage": 24.3
    }
},
{
    "model": "tracking.telemetry",
    "pk": 523,
    "fields": {
        "device": 16,
        "timestamp": "2026-02-09T04:39:28.085Z",
        "latitude": -34.917741653374115,
        "longitude": -57.958256931618685,
        "speed": 57.0,
        "ignition": true,
        "odometer": 150003.5,
        "fuel_level": 94.30000000000004,
        "battery_voltage": 24.42
    }
},
{
    "model": "tracking.telemetry",
    "pk": 524,
    "fields": {
        "device": 15,
        "timestamp": "2026-02-09T04:39:29.090Z",
        "latitude": -34.91242768308107,
        "longitude": -57.96355176493301,
        "speed": 71.0,
        "ignition": true,
        "odometer": 150009.0,
        "fuel_level": 93.2000000000001,
        "battery_voltage": 24.01
    }
},
{
    "model": "tracking.telemetry",
    "pk": 525,
    "fields": {
        "device": 16,
        "timestamp": "2026-02-09T04:39:33.095Z",
        "latitude": -34.91734022009152,
        "longitude": -57.958668103991066,
        "speed": 46.0,
        "ignition": true,
        "odometer": 150004.0,
        "fuel_level": 94.20000000000005,
        "battery_voltage": 23.91
    }
},
{
    "model": "tracking.telemetry",
    "pk": 526,
    "fields": {
        "device": 15,
        "timestamp": "2026-02-09T04:39:34.097Z",
        "latitude": -34.91200700669602,
        "longitude": -57.96408552764205,
        "speed": 66.0,
        "ignition": true,
        "odometer": 150009.5,
        "fuel_level": 93.10000000000011,
        "battery_voltage": 23.83
    }
},
{
    "model": "tracking.telemetry",
    "pk": 527,
    "fields": {
        "device": 16,
        "timestamp": "2026-02-09T04:39:38.105Z",
        "latitude": -34.9169398503291,
        "longitude": -57.95911524979712,
        "speed": 60.0,
        "ignition": true,
        "odometer": 150004.5,
        "fuel_level": 94.10000000000005,
        "battery_voltage": 24.48
    }
},
{
    "model": "tracking.telemetry",
    "pk": 528,
    "fields": {
        "device": 15,
        "timestamp": "2026-02-09T04:39:39.104Z",
        "latitude": -34.9115142059903,
        "longitude": -57.96453265137141,
        "speed": 72.0,
        "ignition": true,
        "odometer": 150010.0,
        "fuel_level": 93.00000000000011,
        "battery_voltage": 24.15
    }
},
{
    "model": "tracking.telemetry",
    "pk": 529,
    "fields": {
        "device": 16,
        "timestamp": "2026-02-09T04:39:43.120Z",
        "latitude": -34.916384653229386,
        "longitude": -57.959562493488875,
        "speed": 48.0,
        "ignition": true,
        "odometer": 150005.0,
        "fuel_level": 94.00000000000006,
        "battery_voltage": 24.36
    }
},
{
    "model": "tracking.telemetry",
    "pk": 530,
    "fields": {
        "device": 15,
        "timestamp": "2026-02-09T04:39:44.114Z",
        "latitude": -34.91094990269716,
        "longitude": -57.96499289266211,
        "speed": 45.0,
        "ignition": true,
        "odometer": 150010.5,
        "fuel_level": 92.90000000000012,
        "battery_voltage": 24.32
    }
},
{
    "model": "tracking.telemetry",
    "pk": 531,
    "fields": {
        "device": 16,
        "timestamp": "2026-02-09T04:39:48.126Z",
        "latitude": -34.91596614355582,
        "longitude": -57.960029050258335,
        "speed": 63.0,
        "ignition": true,
        "odometer": 150005.5,
        "fuel_level": 93.90000000000006,
        "battery_voltage": 24.38
    }
},
{
    "model": "tracking.telemetry",
    "pk": 532,
    "fields": {
        "device": 15,
        "timestamp": "2026-02-09T04:39:49.123Z",
        "latitude": -34.91044563626948,
        "longitude": -57.965422192385155,
        "speed": 76.0,
        "ignition": true,
        "odometer": 150011.0,
        "fuel_level": 92.80000000000013,
        "battery_voltage": 24.35
    }
},
{
    "model": "tracking.telemetry",
    "pk": 533,
    "fields": {
        "device": 16,
        "timestamp": "2026-02-09T04:39:53.136Z",
        "latitude": -34.91550590860286,
        "longitude": -57.960613309541785,
        "speed": 50.0,
        "ignition": true,
        "odometer": 150006.0,
        "fuel_level": 93.80000000000007,
        "battery_voltage": 24.09
    }
},
{
    "model": "tracking.telemetry",
    "pk": 534,
    "fields": {
        "device": 15,
        "timestamp": "2026-02-09T04:39:54.129Z",
        "latitude": -34.90995928063355,
        "longitude": -57.965874546304114,
        "speed": 57.0,
        "ignition": true,
        "odometer": 150011.5,
        "fuel_level": 92.70000000000013,
        "battery_voltage": 24.15
    }
},
{
    "model": "tracking.telemetry",
    "pk": 535,
    "fields": {
        "device": 16,
        "timestamp": "2026-02-09T04:39:58.143Z",
        "latitude": -34.91493327841766,
        "longitude": -57.96104385364379,
        "speed": 71.0,
        "ignition": true,
        "odometer": 150006.5,
        "fuel_level": 93.70000000000007,
        "battery_voltage": 23.62
    }
},
{
    "model": "tracking.telemetry",
    "pk": 536,
    "fields": {
        "device": 15,
        "timestamp": "2026-02-09T04:39:59.135Z",
        "latitude": -34.90937111249723,
        "longitude": -57.96628040254539,
        "speed": 63.0,
        "ignition": true,
        "odometer": 150012.0,
        "fuel_level": 92.60000000000014,
        "battery_voltage": 24.09
    }
},
{
    "model": "tracking.telemetry",
    "pk": 537,
    "fields": {
        "device": 16,
        "timestamp": "2026-02-09T04:40:03.153Z",
        "latitude": -34.91433885819603,
        "longitude": -57.96149731350208,
        "speed": 53.0,
        "ignition": true,
        "odometer": 150007.0,
        "fuel_level": 93.60000000000008,
        "battery_voltage": 23.91
    }
},
{
    "model": "tracking.telemetry",
    "pk": 538,
    "fields": {
        "device": 15,
        "timestamp": "2026-02-09T04:40:04.142Z",
        "latitude": -34.908949215639495,
        "longitude": -57.96679914253305,
        "speed": 55.0,
        "ignition": true,
        "odometer": 150012.5,
        "fuel_level": 92.50000000000014,
        "battery_voltage": 23.86
    }
},
{
    "model": "tracking.telemetry",
    "pk": 539,
    "fields": {
        "device": 16,
        "timestamp": "2026-02-09T04:40:08.163Z",
        "latitude": -34.913814956406085,
        "longitude": -57.96203833959224,
        "speed": 53.0,
        "ignition": true,
        "odometer": 150007.5,
        "fuel_level": 93.50000000000009,
        "battery_voltage": 24.1
    }
},
{
    "model": "tracking.telemetry",
    "pk": 540,
    "fields": {
        "device": 15,
        "timestamp": "2026-02-09T04:40:09.150Z",
        "latitude": -34.90850873565611,
        "longitude": -57.967292327333766,
        "speed": 78.0,
        "ignition": true,
        "odometer": 150013.0,
        "fuel_level": 92.40000000000015,
        "battery_voltage": 23.99
    }
},
{
    "model": "tracking.telemetry",
    "pk": 541,
    "fields": {
        "device": 16,
        "timestamp": "2026-02-09T04:40:13.170Z",
        "latitude": -34.91330534750742,
        "longitude": -57.96248430021337,
        "speed": 56.0,
        "ignition": true,
        "odometer": 150008.0,
        "fuel_level": 93.40000000000009,
        "battery_voltage": 24.32
    }
},
{
    "model": "tracking.telemetry",
    "pk": 542,
    "fields": {
        "device": 15,
        "timestamp": "2026-02-09T04:40:14.157Z",
        "latitude": -34.90801172445383,
        "longitude": -57.96771156238157,
        "speed": 42.0,
        "ignition": true,
        "odometer": 150013.5,
        "fuel_level": 92.30000000000015,
        "battery_voltage": 23.65
    }
},
{
    "model": "tracking.telemetry",
    "pk": 543,
    "fields": {
        "device": 16,
        "timestamp": "2026-02-09T04:40:18.179Z",
        "latitude": -34.91273661057918,
        "longitude": -57.96302931345733,
        "speed": 51.0,
        "ignition": true,
        "odometer": 150008.5,
        "fuel_level": 93.3000000000001,
        "battery_voltage": 23.74
    }
},
{
    "model": "tracking.telemetry",
    "pk": 544,
    "fields": {
        "device": 15,
        "timestamp": "2026-02-09T04:40:19.167Z",
        "latitude": -34.90757250589232,
        "longitude": -57.968113943281615,
        "speed": 59.0,
        "ignition": true,
        "odometer": 150014.0,
        "fuel_level": 92.20000000000016,
        "battery_voltage": 24.14
    }
},
{
    "model": "tracking.telemetry",
    "pk": 545,
    "fields": {
        "device": 16,
        "timestamp": "2026-02-09T04:40:23.189Z",
        "latitude": -34.912261651301066,
        "longitude": -57.963447626087266,
        "speed": 75.0,
        "ignition": true,
        "odometer": 150009.0,
        "fuel_level": 93.2000000000001,
        "battery_voltage": 23.95
    }
},
{
    "model": "tracking.telemetry",
    "pk": 546,
    "fields": {
        "device": 15,
        "timestamp": "2026-02-09T04:40:24.174Z",
        "latitude": -34.90705301124398,
        "longitude": -57.96870169660833,
        "speed": 47.0,
        "ignition": true,
        "odometer": 150014.5,
        "fuel_level": 92.10000000000016,
        "battery_voltage": 23.62
    }
},
{
    "model": "tracking.telemetry",
    "pk": 547,
    "fields": {
        "device": 16,
        "timestamp": "2026-02-09T04:40:28.197Z",
        "latitude": -34.91181723930315,
        "longitude": -57.96402892536617,
        "speed": 51.0,
        "ignition": true,
        "odometer": 150009.5,
        "fuel_level": 93.10000000000011,
        "battery_voltage": 24.0
    }
},
{
    "model": "tracking.telemetry",
    "pk": 548,
    "fields": {
        "device": 15,
        "timestamp": "2026-02-09T04:40:29.182Z",
        "latitude": -34.90658091491818,
        "longitude": -57.96918777479576,
        "speed": 49.0,
        "ignition": true,
        "odometer": 150015.0,
        "fuel_level": 92.00000000000017,
        "battery_voltage": 24.23
    }
},
{
    "model": "tracking.telemetry",
    "pk": 549,
    "fields": {
        "device": 16,
        "timestamp": "2026-02-09T04:40:33.203Z",
        "latitude": -34.91133305823255,
        "longitude": -57.96461813154639,
        "speed": 53.0,
        "ignition": true,
        "odometer": 150010.0,
        "fuel_level": 93.00000000000011,
        "battery_voltage": 23.84
    }
},
{
    "model": "tracking.telemetry",
    "pk": 550,
    "fields": {
        "device": 15,
        "timestamp": "2026-02-09T04:40:34.189Z",
        "latitude": -34.90606915398676,
        "longitude": -57.96968915733355,
        "speed": 71.0,
        "ignition": true,
        "odometer": 150015.5,
        "fuel_level": 91.90000000000018,
        "battery_voltage": 24.13
    }
},
{
    "model": "tracking.telemetry",
    "pk": 551,
    "fields": {
        "device": 16,
        "timestamp": "2026-02-09T04:40:38.212Z",
        "latitude": -34.91086950033771,
        "longitude": -57.965105317353625,
        "speed": 67.0,
        "ignition": true,
        "odometer": 150010.5,
        "fuel_level": 92.90000000000012,
        "battery_voltage": 24.12
    }
},
{
    "model": "tracking.telemetry",
    "pk": 552,
    "fields": {
        "device": 15,
        "timestamp": "2026-02-09T04:40:39.197Z",
        "latitude": -34.90563638774223,
        "longitude": -57.970202723298016,
        "speed": 42.0,
        "ignition": true,
        "odometer": 150016.0,
        "fuel_level": 91.80000000000018,
        "battery_voltage": 23.82
    }
},
{
    "model": "tracking.telemetry",
    "pk": 553,
    "fields": {
        "device": 16,
        "timestamp": "2026-02-09T04:40:43.221Z",
        "latitude": -34.910458408947214,
        "longitude": -57.965692409344285,
        "speed": 72.0,
        "ignition": true,
        "odometer": 150011.0,
        "fuel_level": 92.80000000000013,
        "battery_voltage": 23.94
    }
},
{
    "model": "tracking.telemetry",
    "pk": 554,
    "fields": {
        "device": 15,
        "timestamp": "2026-02-09T04:40:44.204Z",
        "latitude": -34.90513744615067,
        "longitude": -57.970755679415696,
        "speed": 56.0,
        "ignition": true,
        "odometer": 150016.5,
        "fuel_level": 91.70000000000019,
        "battery_voltage": 23.96
    }
},
{
    "model": "tracking.telemetry",
    "pk": 555,
    "fields": {
        "device": 16,
        "timestamp": "2026-02-09T04:40:48.230Z",
        "latitude": -34.90989888304673,
        "longitude": -57.96624820073226,
        "speed": 45.0,
        "ignition": true,
        "odometer": 150011.5,
        "fuel_level": 92.70000000000013,
        "battery_voltage": 23.98
    }
},
{
    "model": "tracking.telemetry",
    "pk": 556,
    "fields": {
        "device": 15,
        "timestamp": "2026-02-09T04:40:49.223Z",
        "latitude": -34.9045801984396,
        "longitude": -57.97122388144997,
        "speed": 72.0,
        "ignition": true,
        "odometer": 150017.0,
        "fuel_level": 91.6000000000002,
        "battery_voltage": 23.65
    }
},
{
    "model": "tracking.telemetry",
    "pk": 557,
    "fields": {
        "device": 16,
        "timestamp": "2026-02-09T04:40:53.238Z",
        "latitude": -34.909345086868704,
        "longitude": -57.966684828997835,
        "speed": 53.0,
        "ignition": true,
        "odometer": 150012.0,
        "fuel_level": 92.60000000000014,
        "battery_voltage": 24.12
    }
},
{
    "model": "tracking.telemetry",
    "pk": 558,
    "fields": {
        "device": 15,
        "timestamp": "2026-02-09T04:40:54.231Z",
        "latitude": -34.90409490286907,
        "longitude": -57.97171329834587,
        "speed": 68.0,
        "ignition": true,
        "odometer": 150017.5,
        "fuel_level": 91.5000000000002,
        "battery_voltage": 24.32
    }
},
{
    "model": "tracking.telemetry",
    "pk": 559,
    "fields": {
        "device": 16,
        "timestamp": "2026-02-09T04:40:58.248Z",
        "latitude": -34.90877219782352,
        "longitude": -57.967153320723824,
        "speed": 73.0,
        "ignition": true,
        "odometer": 150012.5,
        "fuel_level": 92.50000000000014,
        "battery_voltage": 23.82
    }
},
{
    "model": "tracking.telemetry",
    "pk": 560,
    "fields": {
        "device": 15,
        "timestamp": "2026-02-09T04:40:59.240Z",
        "latitude": -34.90367784020836,
        "longitude": -57.972150358376545,
        "speed": 66.0,
        "ignition": true,
        "odometer": 150018.0,
        "fuel_level": 91.4000000000002,
        "battery_voltage": 23.55
    }
},
{
    "model": "tracking.telemetry",
    "pk": 561,
    "fields": {
        "device": 16,
        "timestamp": "2026-02-09T04:41:03.261Z",
        "latitude": -34.90828881543888,
        "longitude": -57.96771341047749,
        "speed": 60.0,
        "ignition": true,
        "odometer": 150013.0,
        "fuel_level": 92.40000000000015,
        "battery_voltage": 24.06
    }
},
{
    "model": "tracking.telemetry",
    "pk": 562,
    "fields": {
        "device": 15,
        "timestamp": "2026-02-09T04:41:04.249Z",
        "latitude": -34.90322848565257,
        "longitude": -57.97258610166311,
        "speed": 65.0,
        "ignition": true,
        "odometer": 150018.5,
        "fuel_level": 91.30000000000021,
        "battery_voltage": 23.88
    }
},
{
    "model": "tracking.telemetry",
    "pk": 563,
    "fields": {
        "device": 16,
        "timestamp": "2026-02-09T04:41:08.271Z",
        "latitude": -34.907711710740266,
        "longitude": -57.9681896526034,
        "speed": 76.0,
        "ignition": true,
        "odometer": 150013.5,
        "fuel_level": 92.30000000000015,
        "battery_voltage": 24.36
    }
},
{
    "model": "tracking.telemetry",
    "pk": 564,
    "fields": {
        "device": 15,
        "timestamp": "2026-02-09T04:41:09.260Z",
        "latitude": -34.90267645199319,
        "longitude": -57.972987099069215,
        "speed": 62.0,
        "ignition": true,
        "odometer": 150019.0,
        "fuel_level": 91.20000000000022,
        "battery_voltage": 23.91
    }
},
{
    "model": "tracking.telemetry",
    "pk": 565,
    "fields": {
        "device": 16,
        "timestamp": "2026-02-09T04:41:13.282Z",
        "latitude": -34.90726937063065,
        "longitude": -57.968754036642004,
        "speed": 64.0,
        "ignition": true,
        "odometer": 150014.0,
        "fuel_level": 92.20000000000016,
        "battery_voltage": 23.65
    }
},
{
    "model": "tracking.telemetry",
    "pk": 566,
    "fields": {
        "device": 15,
        "timestamp": "2026-02-09T04:41:14.268Z",
        "latitude": -34.902100449325296,
        "longitude": -57.97352858822725,
        "speed": 46.0,
        "ignition": true,
        "odometer": 150019.5,
        "fuel_level": 91.10000000000022,
        "battery_voltage": 24.21
    }
},
{
    "model": "tracking.telemetry",
    "pk": 567,
    "fields": {
        "device": 16,
        "timestamp": "2026-02-09T04:41:18.293Z",
        "latitude": -34.90684033896135,
        "longitude": -57.96922344042687,
        "speed": 51.0,
        "ignition": true,
        "odometer": 150014.5,
        "fuel_level": 92.10000000000016,
        "battery_voltage": 23.9
    }
},
{
    "model": "tracking.telemetry",
    "pk": 568,
    "fields": {
        "device": 15,
        "timestamp": "2026-02-09T04:41:19.277Z",
        "latitude": -34.901642554495965,
        "longitude": -57.97393034220133,
        "speed": 66.0,
        "ignition": true,
        "odometer": 150020.0,
        "fuel_level": 91.00000000000023,
        "battery_voltage": 23.71
    }
},
{
    "model": "tracking.telemetry",
    "pk": 569,
    "fields": {
        "device": 16,
        "timestamp": "2026-02-09T04:41:23.303Z",
        "latitude": -34.90643570721121,
        "longitude": -57.96966534781206,
        "speed": 72.0,
        "ignition": true,
        "odometer": 150015.0,
        "fuel_level": 92.00000000000017,
        "battery_voltage": 23.94
    }
},
{
    "model": "tracking.telemetry",
    "pk": 570,
    "fields": {
        "device": 15,
        "timestamp": "2026-02-09T04:41:24.285Z",
        "latitude": -34.90121968055363,
        "longitude": -57.97435278934482,
        "speed": 69.0,
        "ignition": true,
        "odometer": 150020.5,
        "fuel_level": 90.90000000000023,
        "battery_voltage": 24.41
    }
},
{
    "model": "tracking.telemetry",
    "pk": 571,
    "fields": {
        "device": 16,
        "timestamp": "2026-02-09T04:41:28.312Z",
        "latitude": -34.905884762772345,
        "longitude": -57.970149913241926,
        "speed": 58.0,
        "ignition": true,
        "odometer": 150015.5,
        "fuel_level": 91.90000000000018,
        "battery_voltage": 24.25
    }
},
{
    "model": "tracking.telemetry",
    "pk": 572,
    "fields": {
        "device": 15,
        "timestamp": "2026-02-09T04:41:29.293Z",
        "latitude": -34.900725150629604,
        "longitude": -57.9748324787133,
        "speed": 78.0,
        "ignition": true,
        "odometer": 150021.0,
        "fuel_level": 90.80000000000024,
        "battery_voltage": 23.76
    }
},
{
    "model": "tracking.telemetry",
    "pk": 573,
    "fields": {
        "device": 16,
        "timestamp": "2026-02-09T04:41:33.323Z",
        "latitude": -34.9054505851457,
        "longitude": -57.9706064233973,
        "speed": 62.0,
        "ignition": true,
        "odometer": 150016.0,
        "fuel_level": 91.80000000000018,
        "battery_voltage": 23.68
    }
},
{
    "model": "tracking.telemetry",
    "pk": 574,
    "fields": {
        "device": 15,
        "timestamp": "2026-02-09T04:41:34.302Z",
        "latitude": -34.90023373482076,
        "longitude": -57.97528949758445,
        "speed": 78.0,
        "ignition": true,
        "odometer": 150021.5,
        "fuel_level": 90.70000000000024,
        "battery_voltage": 23.66
    }
},
{
    "model": "tracking.telemetry",
    "pk": 575,
    "fields": {
        "device": 16,
        "timestamp": "2026-02-09T04:41:38.334Z",
        "latitude": -34.90490812872318,
        "longitude": -57.97101927654817,
        "speed": 53.0,
        "ignition": true,
        "odometer": 150016.5,
        "fuel_level": 91.70000000000019,
        "battery_voltage": 24.4
    }
},
{
    "model": "tracking.telemetry",
    "pk": 576,
    "fields": {
        "device": 15,
        "timestamp": "2026-02-09T04:41:39.310Z",
        "latitude": -34.89967283335843,
        "longitude": -57.975797095107346,
        "speed": 57.0,
        "ignition": true,
        "odometer": 150022.0,
        "fuel_level": 90.60000000000025,
        "battery_voltage": 23.74
    }
},
{
    "model": "tracking.telemetry",
    "pk": 577,
    "fields": {
        "device": 16,
        "timestamp": "2026-02-09T04:41:43.343Z",
        "latitude": -34.90440215076242,
        "longitude": -57.97150901941247,
        "speed": 49.0,
        "ignition": true,
        "odometer": 150017.0,
        "fuel_level": 91.6000000000002,
        "battery_voltage": 23.51
    }
},
{
    "model": "tracking.telemetry",
    "pk": 578,
    "fields": {
        "device": 15,
        "timestamp": "2026-02-09T04:41:44.320Z",
        "latitude": -34.89908867024882,
        "longitude": -57.97633063180934,
        "speed": 62.0,
        "ignition": true,
        "odometer": 150022.5,
        "fuel_level": 90.50000000000026,
        "battery_voltage": 24.38
    }
},
{
    "model": "tracking.telemetry",
    "pk": 579,
    "fields": {
        "device": 16,
        "timestamp": "2026-02-09T04:41:48.349Z",
        "latitude": -34.903819273026855,
        "longitude": -57.97199281330873,
        "speed": 62.0,
        "ignition": true,
        "odometer": 150017.5,
        "fuel_level": 91.5000000000002,
        "battery_voltage": 23.75
    }
},
{
    "model": "tracking.telemetry",
    "pk": 580,
    "fields": {
        "device": 15,
        "timestamp": "2026-02-09T04:41:49.327Z",
        "latitude": -34.89855746463023,
        "longitude": -57.97686804460066,
        "speed": 65.0,
        "ignition": true,
        "odometer": 150023.0,
        "fuel_level": 90.40000000000026,
        "battery_voltage": 23.63
    }
},
{
    "model": "tracking.telemetry",
    "pk": 581,
    "fields": {
        "device": 16,
        "timestamp": "2026-02-09T04:41:53.355Z",
        "latitude": -34.90323216738633,
        "longitude": -57.972413394725095,
        "speed": 59.0,
        "ignition": true,
        "odometer": 150018.0,
        "fuel_level": 91.4000000000002,
        "battery_voltage": 24.4
    }
},
{
    "model": "tracking.telemetry",
    "pk": 582,
    "fields": {
        "device": 15,
        "timestamp": "2026-02-09T04:41:54.335Z",
        "latitude": -34.89815578004774,
        "longitude": -57.97732443302499,
        "speed": 65.0,
        "ignition": true,
        "odometer": 150023.5,
        "fuel_level": 90.30000000000027,
        "battery_voltage": 24.03
    }
},
{
    "model": "tracking.telemetry",
    "pk": 583,
    "fields": {
        "device": 16,
        "timestamp": "2026-02-09T04:41:58.364Z",
        "latitude": -34.90276040511643,
        "longitude": -57.97295470039982,
        "speed": 61.0,
        "ignition": true,
        "odometer": 150018.5,
        "fuel_level": 91.30000000000021,
        "battery_voltage": 23.57
    }
},
{
    "model": "tracking.telemetry",
    "pk": 584,
    "fields": {
        "device": 15,
        "timestamp": "2026-02-09T04:41:59.342Z",
        "latitude": -34.89758055622191,
        "longitude": -57.97787324569935,
        "speed": 75.0,
        "ignition": true,
        "odometer": 150024.0,
        "fuel_level": 90.20000000000027,
        "battery_voltage": 23.76
    }
},
{
    "model": "tracking.telemetry",
    "pk": 585,
    "fields": {
        "device": 16,
        "timestamp": "2026-02-09T04:42:03.373Z",
        "latitude": -34.90233084229772,
        "longitude": -57.97346976213025,
        "speed": 50.0,
        "ignition": true,
        "odometer": 150019.0,
        "fuel_level": 91.20000000000022,
        "battery_voltage": 23.78
    }
},
{
    "model": "tracking.telemetry",
    "pk": 586,
    "fields": {
        "device": 15,
        "timestamp": "2026-02-09T04:42:04.350Z",
        "latitude": -34.897157038047986,
        "longitude": -57.97829859906814,
        "speed": 45.0,
        "ignition": true,
        "odometer": 150024.5,
        "fuel_level": 90.10000000000028,
        "battery_voltage": 24.1
    }
},
{
    "model": "tracking.telemetry",
    "pk": 587,
    "fields": {
        "device": 16,
        "timestamp": "2026-02-09T04:42:08.380Z",
        "latitude": -34.901747363305006,
        "longitude": -57.97399150628322,
        "speed": 67.0,
        "ignition": true,
        "odometer": 150019.5,
        "fuel_level": 91.10000000000022,
        "battery_voltage": 23.63
    }
},
{
    "model": "tracking.telemetry",
    "pk": 588,
    "fields": {
        "device": 15,
        "timestamp": "2026-02-09T04:42:09.361Z",
        "latitude": -34.89665868001443,
        "longitude": -57.97889211607721,
        "speed": 60.0,
        "ignition": true,
        "odometer": 150025.0,
        "fuel_level": 90.00000000000028,
        "battery_voltage": 24.39
    }
},
{
    "model": "tracking.telemetry",
    "pk": 589,
    "fields": {
        "device": 16,
        "timestamp": "2026-02-09T04:42:13.390Z",
        "latitude": -34.90118205827417,
        "longitude": -57.97451732631688,
        "speed": 60.0,
        "ignition": true,
        "odometer": 150020.0,
        "fuel_level": 91.00000000000023,
        "battery_voltage": 23.61
    }
},
{
    "model": "tracking.telemetry",
    "pk": 590,
    "fields": {
        "device": 15,
        "timestamp": "2026-02-09T04:42:14.369Z",
        "latitude": -34.896245762391096,
        "longitude": -57.979362580410275,
        "speed": 53.0,
        "ignition": true,
        "odometer": 150025.5,
        "fuel_level": 89.90000000000029,
        "battery_voltage": 24.34
    }
},
{
    "model": "tracking.telemetry",
    "pk": 591,
    "fields": {
        "device": 16,
        "timestamp": "2026-02-09T04:42:18.398Z",
        "latitude": -34.900630009431474,
        "longitude": -57.97495500586801,
        "speed": 63.0,
        "ignition": true,
        "odometer": 150020.5,
        "fuel_level": 90.90000000000023,
        "battery_voltage": 23.99
    }
},
{
    "model": "tracking.telemetry",
    "pk": 592,
    "fields": {
        "device": 15,
        "timestamp": "2026-02-09T04:42:19.380Z",
        "latitude": -34.89566545501971,
        "longitude": -57.97982938988255,
        "speed": 77.0,
        "ignition": true,
        "odometer": 150026.0,
        "fuel_level": 89.8000000000003,
        "battery_voltage": 23.99
    }
},
{
    "model": "tracking.telemetry",
    "pk": 593,
    "fields": {
        "device": 16,
        "timestamp": "2026-02-09T04:42:23.406Z",
        "latitude": -34.90022546268682,
        "longitude": -57.975458302429224,
        "speed": 55.0,
        "ignition": true,
        "odometer": 150021.0,
        "fuel_level": 90.80000000000024,
        "battery_voltage": 24.38
    }
},
{
    "model": "tracking.telemetry",
    "pk": 594,
    "fields": {
        "device": 15,
        "timestamp": "2026-02-09T04:42:24.389Z",
        "latitude": -34.89511634186453,
        "longitude": -57.98042347084894,
        "speed": 73.0,
        "ignition": true,
        "odometer": 150026.5,
        "fuel_level": 89.7000000000003,
        "battery_voltage": 24.09
    }
},
{
    "model": "tracking.telemetry",
    "pk": 595,
    "fields": {
        "device": 16,
        "timestamp": "2026-02-09T04:42:28.414Z",
        "latitude": -34.89982211556089,
        "longitude": -57.97586548799053,
        "speed": 52.0,
        "ignition": true,
        "odometer": 150021.5,
        "fuel_level": 90.70000000000024,
        "battery_voltage": 24.24
    }
},
{
    "model": "tracking.telemetry",
    "pk": 596,
    "fields": {
        "device": 15,
        "timestamp": "2026-02-09T04:42:29.398Z",
        "latitude": -34.8946088209147,
        "longitude": -57.980832786889756,
        "speed": 70.0,
        "ignition": true,
        "odometer": 150027.0,
        "fuel_level": 89.6000000000003,
        "battery_voltage": 23.53
    }
},
{
    "model": "tracking.telemetry",
    "pk": 597,
    "fields": {
        "device": 16,
        "timestamp": "2026-02-09T04:42:33.426Z",
        "latitude": -34.89940776090052,
        "longitude": -57.976435647889,
        "speed": 60.0,
        "ignition": true,
        "odometer": 150022.0,
        "fuel_level": 90.60000000000025,
        "battery_voltage": 24.0
    }
},
{
    "model": "tracking.telemetry",
    "pk": 598,
    "fields": {
        "device": 15,
        "timestamp": "2026-02-09T04:42:34.406Z",
        "latitude": -34.89416694153816,
        "longitude": -57.981325853766286,
        "speed": 49.0,
        "ignition": true,
        "odometer": 150027.5,
        "fuel_level": 89.50000000000031,
        "battery_voltage": 24.49
    }
},
{
    "model": "tracking.telemetry",
    "pk": 599,
    "fields": {
        "device": 16,
        "timestamp": "2026-02-09T04:42:38.432Z",
        "latitude": -34.89881858615864,
        "longitude": -57.97693791999991,
        "speed": 52.0,
        "ignition": true,
        "odometer": 150022.5,
        "fuel_level": 90.50000000000026,
        "battery_voltage": 24.11
    }
},
{
    "model": "tracking.telemetry",
    "pk": 600,
    "fields": {
        "device": 15,
        "timestamp": "2026-02-09T04:42:39.412Z",
        "latitude": -34.89373585178082,
        "longitude": -57.98189522088757,
        "speed": 50.0,
        "ignition": true,
        "odometer": 150028.0,
        "fuel_level": 89.40000000000032,
        "battery_voltage": 23.93
    }
},
{
    "model": "tracking.telemetry",
    "pk": 601,
    "fields": {
        "device": 16,
        "timestamp": "2026-02-09T04:42:43.439Z",
        "latitude": -34.89822280999095,
        "longitude": -57.977389925344504,
        "speed": 75.0,
        "ignition": true,
        "odometer": 150023.0,
        "fuel_level": 90.40000000000026,
        "battery_voltage": 24.0
    }
},
{
    "model": "tracking.telemetry",
    "pk": 602,
    "fields": {
        "device": 15,
        "timestamp": "2026-02-09T04:42:44.420Z",
        "latitude": -34.893245913190064,
        "longitude": -57.98230284389704,
        "speed": 52.0,
        "ignition": true,
        "odometer": 150028.5,
        "fuel_level": 89.30000000000032,
        "battery_voltage": 23.95
    }
},
{
    "model": "tracking.telemetry",
    "pk": 603,
    "fields": {
        "device": 16,
        "timestamp": "2026-02-09T04:42:48.448Z",
        "latitude": -34.89765524054415,
        "longitude": -57.977896153540534,
        "speed": 50.0,
        "ignition": true,
        "odometer": 150023.5,
        "fuel_level": 90.30000000000027,
        "battery_voltage": 23.96
    }
},
{
    "model": "tracking.telemetry",
    "pk": 604,
    "fields": {
        "device": 15,
        "timestamp": "2026-02-09T04:42:49.429Z",
        "latitude": -34.89264635214833,
        "longitude": -57.98288271264212,
        "speed": 56.0,
        "ignition": true,
        "odometer": 150029.0,
        "fuel_level": 89.20000000000033,
        "battery_voltage": 23.64
    }
},
{
    "model": "tracking.telemetry",
    "pk": 605,
    "fields": {
        "device": 16,
        "timestamp": "2026-02-09T04:42:53.454Z",
        "latitude": -34.897188505009304,
        "longitude": -57.97837781863516,
        "speed": 79.0,
        "ignition": true,
        "odometer": 150024.0,
        "fuel_level": 90.20000000000027,
        "battery_voltage": 23.74
    }
},
{
    "model": "tracking.telemetry",
    "pk": 606,
    "fields": {
        "device": 15,
        "timestamp": "2026-02-09T04:42:54.435Z",
        "latitude": -34.892219729445046,
        "longitude": -57.98333330467369,
        "speed": 76.0,
        "ignition": true,
        "odometer": 150029.5,
        "fuel_level": 89.10000000000034,
        "battery_voltage": 23.83
    }
},
{
    "model": "tracking.telemetry",
    "pk": 607,
    "fields": {
        "device": 16,
        "timestamp": "2026-02-09T04:42:58.461Z",
        "latitude": -34.89672195645874,
        "longitude": -57.97886813294609,
        "speed": 63.0,
        "ignition": true,
        "odometer": 150024.5,
        "fuel_level": 90.10000000000028,
        "battery_voltage": 23.73
    }
},
{
    "model": "tracking.telemetry",
    "pk": 608,
    "fields": {
        "device": 15,
        "timestamp": "2026-02-09T04:42:59.442Z",
        "latitude": -34.8917047043455,
        "longitude": -57.98377663256505,
        "speed": 44.0,
        "ignition": true,
        "odometer": 150030.0,
        "fuel_level": 89.00000000000034,
        "battery_voltage": 24.36
    }
},
{
    "model": "tracking.telemetry",
    "pk": 609,
    "fields": {
        "device": 16,
        "timestamp": "2026-02-09T04:43:03.469Z",
        "latitude": -34.89624541788435,
        "longitude": -57.979387740152156,
        "speed": 52.0,
        "ignition": true,
        "odometer": 150025.0,
        "fuel_level": 90.00000000000028,
        "battery_voltage": 23.56
    }
},
{
    "model": "tracking.telemetry",
    "pk": 610,
    "fields": {
        "device": 15,
        "timestamp": "2026-02-09T04:43:04.460Z",
        "latitude": -34.89118672955971,
        "longitude": -57.984332736304154,
        "speed": 74.0,
        "ignition": true,
        "odometer": 150030.5,
        "fuel_level": 88.90000000000035,
        "battery_voltage": 24.42
    }
},
{
    "model": "tracking.telemetry",
    "pk": 611,
    "fields": {
        "device": 16,
        "timestamp": "2026-02-09T04:43:08.477Z",
        "latitude": -34.89565612392228,
        "longitude": -57.979797233349906,
        "speed": 74.0,
        "ignition": true,
        "odometer": 150025.5,
        "fuel_level": 89.90000000000029,
        "battery_voltage": 23.99
    }
},
{
    "model": "tracking.telemetry",
    "pk": 612,
    "fields": {
        "device": 15,
        "timestamp": "2026-02-09T04:43:09.467Z",
        "latitude": -34.89076703556189,
        "longitude": -57.98476966230112,
        "speed": 52.0,
        "ignition": true,
        "odometer": 150031.0,
        "fuel_level": 88.80000000000035,
        "battery_voltage": 24.41
    }
},
{
    "model": "tracking.telemetry",
    "pk": 613,
    "fields": {
        "device": 16,
        "timestamp": "2026-02-09T04:43:13.485Z",
        "latitude": -34.89525586583383,
        "longitude": -57.980341687956546,
        "speed": 48.0,
        "ignition": true,
        "odometer": 150026.0,
        "fuel_level": 89.8000000000003,
        "battery_voltage": 23.78
    }
},
{
    "model": "tracking.telemetry",
    "pk": 614,
    "fields": {
        "device": 15,
        "timestamp": "2026-02-09T04:43:14.475Z",
        "latitude": -34.8902031508204,
        "longitude": -57.98519640409873,
        "speed": 40.0,
        "ignition": true,
        "odometer": 150031.5,
        "fuel_level": 88.70000000000036,
        "battery_voltage": 23.82
    }
},
{
    "model": "tracking.telemetry",
    "pk": 615,
    "fields": {
        "device": 16,
        "timestamp": "2026-02-09T04:43:18.493Z",
        "latitude": -34.894818958314254,
        "longitude": -57.980848254833,
        "speed": 69.0,
        "ignition": true,
        "odometer": 150026.5,
        "fuel_level": 89.7000000000003,
        "battery_voltage": 24.13
    }
},
{
    "model": "tracking.telemetry",
    "pk": 616,
    "fields": {
        "device": 15,
        "timestamp": "2026-02-09T04:43:19.485Z",
        "latitude": -34.88961056197254,
        "longitude": -57.98571177314535,
        "speed": 57.0,
        "ignition": true,
        "odometer": 150032.0,
        "fuel_level": 88.60000000000036,
        "battery_voltage": 24.35
    }
},
{
    "model": "tracking.telemetry",
    "pk": 617,
    "fields": {
        "device": 16,
        "timestamp": "2026-02-09T04:43:23.502Z",
        "latitude": -34.89433863941585,
        "longitude": -57.981349129842236,
        "speed": 75.0,
        "ignition": true,
        "odometer": 150027.0,
        "fuel_level": 89.6000000000003,
        "battery_voltage": 23.66
    }
},
{
    "model": "tracking.telemetry",
    "pk": 618,
    "fields": {
        "device": 15,
        "timestamp": "2026-02-09T04:43:24.493Z",
        "latitude": -34.889025627262754,
        "longitude": -57.98627445980569,
        "speed": 43.0,
        "ignition": true,
        "odometer": 150032.5,
        "fuel_level": 88.50000000000037,
        "battery_voltage": 23.66
    }
},
{
    "model": "tracking.telemetry",
    "pk": 619,
    "fields": {
        "device": 16,
        "timestamp": "2026-02-09T04:43:28.509Z",
        "latitude": -34.893856788405756,
        "longitude": -57.98185638390844,
        "speed": 74.0,
        "ignition": true,
        "odometer": 150027.5,
        "fuel_level": 89.50000000000031,
        "battery_voltage": 24.16
    }
},
{
    "model": "tracking.telemetry",
    "pk": 620,
    "fields": {
        "device": 15,
        "timestamp": "2026-02-09T04:43:29.500Z",
        "latitude": -34.888437567526346,
        "longitude": -57.9868043083275,
        "speed": 72.0,
        "ignition": true,
        "odometer": 150033.0,
        "fuel_level": 88.40000000000038,
        "battery_voltage": 23.66
    }
},
{
    "model": "tracking.telemetry",
    "pk": 621,
    "fields": {
        "device": 16,
        "timestamp": "2026-02-09T04:43:33.516Z",
        "latitude": -34.89345367635532,
        "longitude": -57.982454462013386,
        "speed": 41.0,
        "ignition": true,
        "odometer": 150028.0,
        "fuel_level": 89.40000000000032,
        "battery_voltage": 24.46
    }
},
{
    "model": "tracking.telemetry",
    "pk": 622,
    "fields": {
        "device": 15,
        "timestamp": "2026-02-09T04:43:34.505Z",
        "latitude": -34.88803733498231,
        "longitude": -57.98738099463505,
        "speed": 77.0,
        "ignition": true,
        "odometer": 150033.5,
        "fuel_level": 88.30000000000038,
        "battery_voltage": 23.81
    }
},
{
    "model": "tracking.telemetry",
    "pk": 623,
    "fields": {
        "device": 16,
        "timestamp": "2026-02-09T04:43:38.524Z",
        "latitude": -34.89301287247864,
        "longitude": -57.98289959858599,
        "speed": 43.0,
        "ignition": true,
        "odometer": 150028.5,
        "fuel_level": 89.30000000000032,
        "battery_voltage": 24.21
    }
},
{
    "model": "tracking.telemetry",
    "pk": 624,
    "fields": {
        "device": 15,
        "timestamp": "2026-02-09T04:43:39.512Z",
        "latitude": -34.88760147621824,
        "longitude": -57.987964285474966,
        "speed": 44.0,
        "ignition": true,
        "odometer": 150034.0,
        "fuel_level": 88.20000000000039,
        "battery_voltage": 24.16
    }
},
{
    "model": "tracking.telemetry",
    "pk": 625,
    "fields": {
        "device": 16,
        "timestamp": "2026-02-09T04:43:43.533Z",
        "latitude": -34.89254544797754,
        "longitude": -57.98341794723895,
        "speed": 43.0,
        "ignition": true,
        "odometer": 150029.0,
        "fuel_level": 89.20000000000033,
        "battery_voltage": 24.37
    }
},
{
    "model": "tracking.telemetry",
    "pk": 626,
    "fields": {
        "device": 15,
        "timestamp": "2026-02-09T04:43:44.520Z",
        "latitude": -34.88716747332661,
        "longitude": -57.98837769645462,
        "speed": 53.0,
        "ignition": true,
        "odometer": 150034.5,
        "fuel_level": 88.10000000000039,
        "battery_voltage": 23.73
    }
},
{
    "model": "tracking.telemetry",
    "pk": 627,
    "fields": {
        "device": 16,
        "timestamp": "2026-02-09T04:43:48.541Z",
        "latitude": -34.892047822048845,
        "longitude": -57.983873613845766,
        "speed": 78.0,
        "ignition": true,
        "odometer": 150029.5,
        "fuel_level": 89.10000000000034,
        "battery_voltage": 24.44
    }
},
{
    "model": "tracking.telemetry",
    "pk": 628,
    "fields": {
        "device": 15,
        "timestamp": "2026-02-09T04:43:49.532Z",
        "latitude": -34.88675856472977,
        "longitude": -57.98878149709358,
        "speed": 74.0,
        "ignition": true,
        "odometer": 150035.0,
        "fuel_level": 88.0000000000004,
        "battery_voltage": 24.36
    }
},
{
    "model": "tracking.telemetry",
    "pk": 629,
    "fields": {
        "device": 16,
        "timestamp": "2026-02-09T04:43:53.552Z",
        "latitude": -34.89150313129105,
        "longitude": -57.98434439894121,
        "speed": 58.0,
        "ignition": true,
        "odometer": 150030.0,
        "fuel_level": 89.00000000000034,
        "battery_voltage": 23.83
    }
},
{
    "model": "tracking.telemetry",
    "pk": 630,
    "fields": {
        "device": 15,
        "timestamp": "2026-02-09T04:43:54.540Z",
        "latitude": -34.88630946310121,
        "longitude": -57.98921627840646,
        "speed": 61.0,
        "ignition": true,
        "odometer": 150035.5,
        "fuel_level": 87.9000000000004,
        "battery_voltage": 24.44
    }
},
{
    "model": "tracking.telemetry",
    "pk": 631,
    "fields": {
        "device": 16,
        "timestamp": "2026-02-09T04:43:58.561Z",
        "latitude": -34.891004294122496,
        "longitude": -57.984833369712405,
        "speed": 78.0,
        "ignition": true,
        "odometer": 150030.5,
        "fuel_level": 88.90000000000035,
        "battery_voltage": 23.86
    }
},
{
    "model": "tracking.telemetry",
    "pk": 632,
    "fields": {
        "device": 15,
        "timestamp": "2026-02-09T04:43:59.552Z",
        "latitude": -34.88585779654053,
        "longitude": -57.989761039538735,
        "speed": 61.0,
        "ignition": true,
        "odometer": 150036.0,
        "fuel_level": 87.80000000000041,
        "battery_voltage": 23.67
    }
},
{
    "model": "tracking.telemetry",
    "pk": 633,
    "fields": {
        "device": 16,
        "timestamp": "2026-02-09T04:44:03.570Z",
        "latitude": -34.89049767308938,
        "longitude": -57.985364621088564,
        "speed": 52.0,
        "ignition": true,
        "odometer": 150031.0,
        "fuel_level": 88.80000000000035,
        "battery_voltage": 23.86
    }
},
{
    "model": "tracking.telemetry",
    "pk": 634,
    "fields": {
        "device": 15,
        "timestamp": "2026-02-09T04:44:04.561Z",
        "latitude": -34.885335172428555,
        "longitude": -57.99028131496571,
        "speed": 40.0,
        "ignition": true,
        "odometer": 150036.5,
        "fuel_level": 87.70000000000041,
        "battery_voltage": 23.99
    }
},
{
    "model": "tracking.telemetry",
    "pk": 635,
    "fields": {
        "device": 16,
        "timestamp": "2026-02-09T04:44:08.581Z",
        "latitude": -34.89002147663221,
        "longitude": -57.98591580593178,
        "speed": 62.0,
        "ignition": true,
        "odometer": 150031.5,
        "fuel_level": 88.70000000000036,
        "battery_voltage": 23.95
    }
},
{
    "model": "tracking.telemetry",
    "pk": 636,
    "fields": {
        "device": 15,
        "timestamp": "2026-02-09T04:44:09.569Z",
        "latitude": -34.884830359414956,
        "longitude": -57.990690373795054,
        "speed": 58.0,
        "ignition": true,
        "odometer": 150037.0,
        "fuel_level": 87.60000000000042,
        "battery_voltage": 24.18
    }
},
{
    "model": "tracking.telemetry",
    "pk": 637,
    "fields": {
        "device": 16,
        "timestamp": "2026-02-09T04:44:13.592Z",
        "latitude": -34.889446834981136,
        "longitude": -57.98643566139462,
        "speed": 73.0,
        "ignition": true,
        "odometer": 150032.0,
        "fuel_level": 88.60000000000036,
        "battery_voltage": 23.59
    }
},
{
    "model": "tracking.telemetry",
    "pk": 638,
    "fields": {
        "device": 15,
        "timestamp": "2026-02-09T04:44:14.578Z",
        "latitude": -34.88441350048837,
        "longitude": -57.99114548710845,
        "speed": 40.0,
        "ignition": true,
        "odometer": 150037.5,
        "fuel_level": 87.50000000000043,
        "battery_voltage": 23.69
    }
},
{
    "model": "tracking.telemetry",
    "pk": 639,
    "fields": {
        "device": 16,
        "timestamp": "2026-02-09T04:44:18.599Z",
        "latitude": -34.88904354460582,
        "longitude": -57.986907848781925,
        "speed": 75.0,
        "ignition": true,
        "odometer": 150032.5,
        "fuel_level": 88.50000000000037,
        "battery_voltage": 23.59
    }
},
{
    "model": "tracking.telemetry",
    "pk": 640,
    "fields": {
        "device": 15,
        "timestamp": "2026-02-09T04:44:19.590Z",
        "latitude": -34.883871206688475,
        "longitude": -57.99159303364823,
        "speed": 72.0,
        "ignition": true,
        "odometer": 150038.0,
        "fuel_level": 87.40000000000043,
        "battery_voltage": 24.32
    }
},
{
    "model": "tracking.telemetry",
    "pk": 641,
    "fields": {
        "device": 16,
        "timestamp": "2026-02-09T04:44:23.607Z",
        "latitude": -34.88846984835017,
        "longitude": -57.98731521309825,
        "speed": 58.0,
        "ignition": true,
        "odometer": 150033.0,
        "fuel_level": 88.40000000000038,
        "battery_voltage": 23.65
    }
},
{
    "model": "tracking.telemetry",
    "pk": 642,
    "fields": {
        "device": 15,
        "timestamp": "2026-02-09T04:44:24.600Z",
        "latitude": -34.88334736866756,
        "longitude": -57.992049117207316,
        "speed": 43.0,
        "ignition": true,
        "odometer": 150038.5,
        "fuel_level": 87.30000000000044,
        "battery_voltage": 23.84
    }
},
{
    "model": "tracking.telemetry",
    "pk": 643,
    "fields": {
        "device": 16,
        "timestamp": "2026-02-09T04:44:28.616Z",
        "latitude": -34.887972795343074,
        "longitude": -57.98789990346038,
        "speed": 56.0,
        "ignition": true,
        "odometer": 150033.5,
        "fuel_level": 88.30000000000038,
        "battery_voltage": 23.75
    }
},
{
    "model": "tracking.telemetry",
    "pk": 644,
    "fields": {
        "device": 15,
        "timestamp": "2026-02-09T04:44:29.608Z",
        "latitude": -34.882830015202416,
        "longitude": -57.9924875445857,
        "speed": 79.0,
        "ignition": true,
        "odometer": 150039.0,
        "fuel_level": 87.20000000000044,
        "battery_voltage": 23.63
    }
},
{
    "model": "tracking.telemetry",
    "pk": 645,
    "fields": {
        "device": 16,
        "timestamp": "2026-02-09T04:44:33.626Z",
        "latitude": -34.88746995147817,
        "longitude": -57.98845958270984,
        "speed": 41.0,
        "ignition": true,
        "odometer": 150034.0,
        "fuel_level": 88.20000000000039,
        "battery_voltage": 24.12
    }
},
{
    "model": "tracking.telemetry",
    "pk": 646,
    "fields": {
        "device": 15,
        "timestamp": "2026-02-09T04:44:34.625Z",
        "latitude": -34.88234179530166,
        "longitude": -57.993039631544775,
        "speed": 41.0,
        "ignition": true,
        "odometer": 150039.5,
        "fuel_level": 87.10000000000045,
        "battery_voltage": 24.35
    }
},
{
    "model": "tracking.telemetry",
    "pk": 647,
    "fields": {
        "device": 16,
        "timestamp": "2026-02-09T04:44:38.634Z",
        "latitude": -34.886933375038716,
        "longitude": -57.98890426630191,
        "speed": 41.0,
        "ignition": true,
        "odometer": 150034.5,
        "fuel_level": 88.10000000000039,
        "battery_voltage": 23.51
    }
},
{
    "model": "tracking.telemetry",
    "pk": 648,
    "fields": {
        "device": 15,
        "timestamp": "2026-02-09T04:44:39.632Z",
        "latitude": -34.88174350288948,
        "longitude": -57.993583968741206,
        "speed": 66.0,
        "ignition": true,
        "odometer": 150040.0,
        "fuel_level": 87.00000000000045,
        "battery_voltage": 23.53
    }
},
{
    "model": "tracking.telemetry",
    "pk": 649,
    "fields": {
        "device": 16,
        "timestamp": "2026-02-09T04:44:43.642Z",
        "latitude": -34.88639206362591,
        "longitude": -57.98934611053835,
        "speed": 68.0,
        "ignition": true,
        "odometer": 150035.0,
        "fuel_level": 88.0000000000004,
        "battery_voltage": 24.05
    }
},
{
    "model": "tracking.telemetry",
    "pk": 650,
    "fields": {
        "device": 15,
        "timestamp": "2026-02-09T04:44:44.639Z",
        "latitude": -34.88127497217072,
        "longitude": -57.99416514657143,
        "speed": 47.0,
        "ignition": true,
        "odometer": 150040.5,
        "fuel_level": 86.90000000000046,
        "battery_voltage": 23.97
    }
},
{
    "model": "tracking.telemetry",
    "pk": 651,
    "fields": {
        "device": 16,
        "timestamp": "2026-02-09T04:44:48.649Z",
        "latitude": -34.88597112927904,
        "longitude": -57.98991714115642,
        "speed": 45.0,
        "ignition": true,
        "odometer": 150035.5,
        "fuel_level": 87.9000000000004,
        "battery_voltage": 23.55
    }
},
{
    "model": "tracking.telemetry",
    "pk": 652,
    "fields": {
        "device": 15,
        "timestamp": "2026-02-09T04:44:49.647Z",
        "latitude": -34.8807304916674,
        "longitude": -57.99464096941025,
        "speed": 58.0,
        "ignition": true,
        "odometer": 150041.0,
        "fuel_level": 86.80000000000047,
        "battery_voltage": 23.54
    }
},
{
    "model": "tracking.telemetry",
    "pk": 653,
    "fields": {
        "device": 16,
        "timestamp": "2026-02-09T04:44:53.657Z",
        "latitude": -34.88547257966703,
        "longitude": -57.99045514929856,
        "speed": 57.0,
        "ignition": true,
        "odometer": 150036.0,
        "fuel_level": 87.80000000000041,
        "battery_voltage": 23.94
    }
},
{
    "model": "tracking.telemetry",
    "pk": 654,
    "fields": {
        "device": 15,
        "timestamp": "2026-02-09T04:44:54.655Z",
        "latitude": -34.880264275323924,
        "longitude": -57.99516715235822,
        "speed": 56.0,
        "ignition": true,
        "odometer": 150041.5,
        "fuel_level": 86.70000000000047,
        "battery_voltage": 24.16
    }
},
{
    "model": "tracking.telemetry",
    "pk": 655,
    "fields": {
        "device": 16,
        "timestamp": "2026-02-09T04:44:58.664Z",
        "latitude": -34.884912506991284,
        "longitude": -57.990899260021955,
        "speed": 80.0,
        "ignition": true,
        "odometer": 150036.5,
        "fuel_level": 87.70000000000041,
        "battery_voltage": 23.68
    }
},
{
    "model": "tracking.telemetry",
    "pk": 656,
    "fields": {
        "device": 15,
        "timestamp": "2026-02-09T04:44:59.667Z",
        "latitude": -34.879758129794,
        "longitude": -57.99567476014355,
        "speed": 47.0,
        "ignition": true,
        "odometer": 150042.0,
        "fuel_level": 86.60000000000048,
        "battery_voltage": 24.34
    }
},
{
    "model": "tracking.telemetry",
    "pk": 657,
    "fields": {
        "device": 16,
        "timestamp": "2026-02-09T04:45:03.678Z",
        "latitude": -34.88441955062659,
        "longitude": -57.9914065152501,
        "speed": 78.0,
        "ignition": true,
        "odometer": 150037.0,
        "fuel_level": 87.60000000000042,
        "battery_voltage": 23.91
    }
},
{
    "model": "tracking.telemetry",
    "pk": 658,
    "fields": {
        "device": 15,
        "timestamp": "2026-02-09T04:45:04.678Z",
        "latitude": -34.8792153216562,
        "longitude": -57.99607973419367,
        "speed": 54.0,
        "ignition": true,
        "odometer": 150042.5,
        "fuel_level": 86.50000000000048,
        "battery_voltage": 23.94
    }
},
{
    "model": "tracking.telemetry",
    "pk": 659,
    "fields": {
        "device": 16,
        "timestamp": "2026-02-09T04:45:08.687Z",
        "latitude": -34.884009980813836,
        "longitude": -57.991895294003,
        "speed": 44.0,
        "ignition": true,
        "odometer": 150037.5,
        "fuel_level": 87.50000000000043,
        "battery_voltage": 24.27
    }
},
{
    "model": "tracking.telemetry",
    "pk": 660,
    "fields": {
        "device": 15,
        "timestamp": "2026-02-09T04:45:09.686Z",
        "latitude": -34.87872116899685,
        "longitude": -57.99666689069812,
        "speed": 77.0,
        "ignition": true,
        "odometer": 150043.0,
        "fuel_level": 86.40000000000049,
        "battery_voltage": 24.45
    }
},
{
    "model": "tracking.telemetry",
    "pk": 661,
    "fields": {
        "device": 16,
        "timestamp": "2026-02-09T04:45:13.695Z",
        "latitude": -34.88346927991674,
        "longitude": -57.992327929386505,
        "speed": 51.0,
        "ignition": true,
        "odometer": 150038.0,
        "fuel_level": 87.40000000000043,
        "battery_voltage": 23.72
    }
},
{
    "model": "tracking.telemetry",
    "pk": 662,
    "fields": {
        "device": 15,
        "timestamp": "2026-02-09T04:45:14.695Z",
        "latitude": -34.878126450888495,
        "longitude": -57.99707997589167,
        "speed": 56.0,
        "ignition": true,
        "odometer": 150043.5,
        "fuel_level": 86.3000000000005,
        "battery_voltage": 24.14
    }
},
{
    "model": "tracking.telemetry",
    "pk": 663,
    "fields": {
        "device": 16,
        "timestamp": "2026-02-09T04:45:18.706Z",
        "latitude": -34.88290377831306,
        "longitude": -57.99289939714133,
        "speed": 49.0,
        "ignition": true,
        "odometer": 150038.5,
        "fuel_level": 87.30000000000044,
        "battery_voltage": 23.95
    }
},
{
    "model": "tracking.telemetry",
    "pk": 664,
    "fields": {
        "device": 15,
        "timestamp": "2026-02-09T04:45:19.705Z",
        "latitude": -34.87761396978523,
        "longitude": -57.997551453329194,
        "speed": 45.0,
        "ignition": true,
        "odometer": 150044.0,
        "fuel_level": 86.2000000000005,
        "battery_voltage": 23.91
    }
},
{
    "model": "tracking.telemetry",
    "pk": 665,
    "fields": {
        "device": 16,
        "timestamp": "2026-02-09T04:45:23.715Z",
        "latitude": -34.88248621622464,
        "longitude": -57.99343196507069,
        "speed": 76.0,
        "ignition": true,
        "odometer": 150039.0,
        "fuel_level": 87.20000000000044,
        "battery_voltage": 24.09
    }
},
{
    "model": "tracking.telemetry",
    "pk": 666,
    "fields": {
        "device": 15,
        "timestamp": "2026-02-09T04:45:24.713Z",
        "latitude": -34.87706050918207,
        "longitude": -57.998009572204076,
        "speed": 79.0,
        "ignition": true,
        "odometer": 150044.5,
        "fuel_level": 86.1000000000005,
        "battery_voltage": 24.18
    }
},
{
    "model": "tracking.telemetry",
    "pk": 667,
    "fields": {
        "device": 16,
        "timestamp": "2026-02-09T04:45:28.723Z",
        "latitude": -34.88208237655341,
        "longitude": -57.993887132963344,
        "speed": 41.0,
        "ignition": true,
        "odometer": 150039.5,
        "fuel_level": 87.10000000000045,
        "battery_voltage": 23.66
    }
},
{
    "model": "tracking.telemetry",
    "pk": 668,
    "fields": {
        "device": 15,
        "timestamp": "2026-02-09T04:45:29.720Z",
        "latitude": -34.8765672989385,
        "longitude": -57.99859853039197,
        "speed": 74.0,
        "ignition": true,
        "odometer": 150045.0,
        "fuel_level": 86.00000000000051,
        "battery_voltage": 23.96
    }
},
{
    "model": "tracking.telemetry",
    "pk": 669,
    "fields": {
        "device": 16,
        "timestamp": "2026-02-09T04:45:33.730Z",
        "latitude": -34.881678835614196,
        "longitude": -57.99438927341167,
        "speed": 73.0,
        "ignition": true,
        "odometer": 150040.0,
        "fuel_level": 87.00000000000045,
        "battery_voltage": 24.06
    }
},
{
    "model": "tracking.telemetry",
    "pk": 670,
    "fields": {
        "device": 15,
        "timestamp": "2026-02-09T04:45:34.727Z",
        "latitude": -34.87615122131046,
        "longitude": -57.99902182221302,
        "speed": 68.0,
        "ignition": true,
        "odometer": 150045.5,
        "fuel_level": 85.90000000000052,
        "battery_voltage": 23.56
    }
},
{
    "model": "tracking.telemetry",
    "pk": 671,
    "fields": {
        "device": 16,
        "timestamp": "2026-02-09T04:45:38.737Z",
        "latitude": -34.881154758368545,
        "longitude": -57.99491124333112,
        "speed": 80.0,
        "ignition": true,
        "odometer": 150040.5,
        "fuel_level": 86.90000000000046,
        "battery_voltage": 24.0
    }
},
{
    "model": "tracking.telemetry",
    "pk": 672,
    "fields": {
        "device": 15,
        "timestamp": "2026-02-09T04:45:39.733Z",
        "latitude": -34.87571872532927,
        "longitude": -57.999477755432004,
        "speed": 69.0,
        "ignition": true,
        "odometer": 150046.0,
        "fuel_level": 85.80000000000052,
        "battery_voltage": 24.3
    }
},
{
    "model": "tracking.telemetry",
    "pk": 673,
    "fields": {
        "device": 16,
        "timestamp": "2026-02-09T04:45:43.747Z",
        "latitude": -34.88075410028917,
        "longitude": -57.99547679864536,
        "speed": 71.0,
        "ignition": true,
        "odometer": 150041.0,
        "fuel_level": 86.80000000000047,
        "battery_voltage": 23.51
    }
},
{
    "model": "tracking.telemetry",
    "pk": 674,
    "fields": {
        "device": 15,
        "timestamp": "2026-02-09T04:45:44.743Z",
        "latitude": -34.875149927551725,
        "longitude": -58.000046702746715,
        "speed": 53.0,
        "ignition": true,
        "odometer": 150046.5,
        "fuel_level": 85.70000000000053,
        "battery_voltage": 24.48
    }
},
{
    "model": "tracking.telemetry",
    "pk": 675,
    "fields": {
        "device": 16,
        "timestamp": "2026-02-09T04:45:48.756Z",
        "latitude": -34.88028403006532,
        "longitude": -57.99599765864393,
        "speed": 59.0,
        "ignition": true,
        "odometer": 150041.5,
        "fuel_level": 86.70000000000047,
        "battery_voltage": 23.89
    }
},
{
    "model": "tracking.telemetry",
    "pk": 676,
    "fields": {
        "device": 15,
        "timestamp": "2026-02-09T04:45:49.752Z",
        "latitude": -34.87472530197216,
        "longitude": -58.00055660494255,
        "speed": 56.0,
        "ignition": true,
        "odometer": 150047.0,
        "fuel_level": 85.60000000000053,
        "battery_voltage": 24.33
    }
},
{
    "model": "tracking.telemetry",
    "pk": 677,
    "fields": {
        "device": 16,
        "timestamp": "2026-02-09T04:45:53.764Z",
        "latitude": -34.87974616964061,
        "longitude": -57.99651249071853,
        "speed": 71.0,
        "ignition": true,
        "odometer": 150042.0,
        "fuel_level": 86.60000000000048,
        "battery_voltage": 23.96
    }
},
{
    "model": "tracking.telemetry",
    "pk": 678,
    "fields": {
        "device": 15,
        "timestamp": "2026-02-09T04:45:54.759Z",
        "latitude": -34.874314979428,
        "longitude": -58.00108307786073,
        "speed": 57.0,
        "ignition": true,
        "odometer": 150047.5,
        "fuel_level": 85.50000000000054,
        "battery_voltage": 24.23
    }
},
{
    "model": "tracking.telemetry",
    "pk": 679,
    "fields": {
        "device": 16,
        "timestamp": "2026-02-09T04:45:58.772Z",
        "latitude": -34.87921638945842,
        "longitude": -57.996919227456935,
        "speed": 67.0,
        "ignition": true,
        "odometer": 150042.5,
        "fuel_level": 86.50000000000048,
        "battery_voltage": 24.46
    }
},
{
    "model": "tracking.telemetry",
    "pk": 680,
    "fields": {
        "device": 15,
        "timestamp": "2026-02-09T04:45:59.770Z",
        "latitude": -34.8737621269585,
        "longitude": -58.001672612713165,
        "speed": 44.0,
        "ignition": true,
        "odometer": 150048.0,
        "fuel_level": 85.40000000000055,
        "battery_voltage": 23.81
    }
},
{
    "model": "tracking.telemetry",
    "pk": 681,
    "fields": {
        "device": 16,
        "timestamp": "2026-02-09T04:46:03.781Z",
        "latitude": -34.87877600036533,
        "longitude": -57.99736122793152,
        "speed": 48.0,
        "ignition": true,
        "odometer": 150043.0,
        "fuel_level": 86.40000000000049,
        "battery_voltage": 23.94
    }
},
{
    "model": "tracking.telemetry",
    "pk": 682,
    "fields": {
        "device": 15,
        "timestamp": "2026-02-09T04:46:04.781Z",
        "latitude": -34.87317557042816,
        "longitude": -58.00218705181847,
        "speed": 73.0,
        "ignition": true,
        "odometer": 150048.5,
        "fuel_level": 85.30000000000055,
        "battery_voltage": 24.1
    }
},
{
    "model": "tracking.telemetry",
    "pk": 683,
    "fields": {
        "device": 16,
        "timestamp": "2026-02-09T04:46:08.789Z",
        "latitude": -34.87834873124097,
        "longitude": -57.99789583223891,
        "speed": 42.0,
        "ignition": true,
        "odometer": 150043.5,
        "fuel_level": 86.3000000000005,
        "battery_voltage": 24.21
    }
},
{
    "model": "tracking.telemetry",
    "pk": 684,
    "fields": {
        "device": 15,
        "timestamp": "2026-02-09T04:46:09.789Z",
        "latitude": -34.872627512023946,
        "longitude": -58.00265650230751,
        "speed": 75.0,
        "ignition": true,
        "odometer": 150049.0,
        "fuel_level": 85.20000000000056,
        "battery_voltage": 23.6
    }
},
{
    "model": "tracking.telemetry",
    "pk": 685,
    "fields": {
        "device": 16,
        "timestamp": "2026-02-09T04:46:13.799Z",
        "latitude": -34.877844776398426,
        "longitude": -57.99846208162039,
        "speed": 63.0,
        "ignition": true,
        "odometer": 150044.0,
        "fuel_level": 86.2000000000005,
        "battery_voltage": 24.34
    }
},
{
    "model": "tracking.telemetry",
    "pk": 686,
    "fields": {
        "device": 15,
        "timestamp": "2026-02-09T04:46:14.796Z",
        "latitude": -34.87212361812472,
        "longitude": -58.003146571149216,
        "speed": 53.0,
        "ignition": true,
        "odometer": 150049.5,
        "fuel_level": 85.10000000000056,
        "battery_voltage": 24.15
    }
},
{
    "model": "tracking.telemetry",
    "pk": 687,
    "fields": {
        "device": 16,
        "timestamp": "2026-02-09T04:46:18.808Z",
        "latitude": -34.87740327784113,
        "longitude": -57.99891407930233,
        "speed": 77.0,
        "ignition": true,
        "odometer": 150044.5,
        "fuel_level": 86.1000000000005,
        "battery_voltage": 23.87
    }
},
{
    "model": "tracking.telemetry",
    "pk": 688,
    "fields": {
        "device": 15,
        "timestamp": "2026-02-09T04:46:19.804Z",
        "latitude": -34.87168416076787,
        "longitude": -58.00369633963716,
        "speed": 59.0,
        "ignition": true,
        "odometer": 150050.0,
        "fuel_level": 85.00000000000057,
        "battery_voltage": 24.01
    }
},
{
    "model": "tracking.telemetry",
    "pk": 689,
    "fields": {
        "device": 16,
        "timestamp": "2026-02-09T04:46:23.818Z",
        "latitude": -34.87697343913948,
        "longitude": -57.99938899445073,
        "speed": 41.0,
        "ignition": true,
        "odometer": 150045.0,
        "fuel_level": 86.00000000000051,
        "battery_voltage": 24.4
    }
},
{
    "model": "tracking.telemetry",
    "pk": 690,
    "fields": {
        "device": 15,
        "timestamp": "2026-02-09T04:46:24.812Z",
        "latitude": -34.87112817107725,
        "longitude": -58.004184925865886,
        "speed": 71.0,
        "ignition": true,
        "odometer": 150050.5,
        "fuel_level": 84.90000000000057,
        "battery_voltage": 24.44
    }
},
{
    "model": "tracking.telemetry",
    "pk": 691,
    "fields": {
        "device": 16,
        "timestamp": "2026-02-09T04:46:28.824Z",
        "latitude": -34.8765229893608,
        "longitude": -57.99984808915168,
        "speed": 40.0,
        "ignition": true,
        "odometer": 150045.5,
        "fuel_level": 85.90000000000052,
        "battery_voltage": 24.24
    }
},
{
    "model": "tracking.telemetry",
    "pk": 692,
    "fields": {
        "device": 15,
        "timestamp": "2026-02-09T04:46:29.823Z",
        "latitude": -34.87057752484056,
        "longitude": -58.00465178988117,
        "speed": 72.0,
        "ignition": true,
        "odometer": 150051.0,
        "fuel_level": 84.80000000000058,
        "battery_voltage": 24.35
    }
},
{
    "model": "tracking.telemetry",
    "pk": 693,
    "fields": {
        "device": 15,
        "timestamp": "2026-02-09T04:46:34.830Z",
        "latitude": -34.87017250805575,
        "longitude": -58.005164372025725,
        "speed": 47.0,
        "ignition": true,
        "odometer": 150051.5,
        "fuel_level": 84.70000000000059,
        "battery_voltage": 24.41
    }
},
{
    "model": "tracking.dailyreport",
    "pk": 8,
    "fields": {
        "device": 15,
        "date": "2026-02-09",
        "distance_km": 120.5,
        "max_speed": 85.0,
        "avg_speed": 60.0,
        "engine_hours": null,
        "total_fuel_liters": 40.0,
        "idle_fuel_liters": 5.0,
        "wasted_cost": "5752.50"
    }
}
]
